Area,Boro,AreaType,2010-01,2010-02,2010-03,2010-04,2010-05,2010-06,2010-07,2010-08,2010-09,2010-10,2010-11,2010-12,2011-01,2011-02,2011-03,2011-04,2011-05,2011-06,2011-07,2011-08,2011-09,2011-10,2011-11,2011-12,2012-01,2012-02,2012-03,2012-04,2012-05,2012-06,2012-07,2012-08,2012-09,2012-10,2012-11,2012-12,2013-01,2013-02,2013-03,2013-04,2013-05,2013-06,2013-07,2013-08,2013-09,2013-10,2013-11,2013-12,2014-01,2014-02,2014-03,2014-04,2014-05,2014-06,2014-07,2014-08,2014-09,2014-10,2014-11,2014-12,2015-01,2015-02,2015-03,2015-04,2015-05,2015-06,2015-07,2015-08,2015-09,2015-10,2015-11,2015-12,2016-01,2016-02,2016-03,2016-04,2016-05,2016-06,2016-07,2016-08,2016-09,2016-10,2016-11,2016-12,2017-01,2017-02,2017-03,2017-04,2017-05,2017-06,2017-07,2017-08,2017-09,2017-10,2017-11,2017-12,2018-01,2018-02,2018-03,2018-04,2018-05,2018-06,2018-07,2018-08
All Downtown,Manhattan,submarket,291,284,346,369,345,530,344,351,305,269,242,324,245,257,344,344,401,433,355,391,338,266,247,303,261,247,300,345,386,415,411,464,355,321,310,515,287,259,341,435,472,470,552,476,419,429,295,409,411,279,320,348,372,444,464,420,408,406,356,373,286,298,280,322,342,438,465,391,398,362,296,335,324,262,449,324,433,448,378,443,391,305,318,342,388,334,385,341,398,464,354,468,319,263,270,306,294,253,293,275,343,351,339,326
All Midtown,Manhattan,submarket,201,166,206,209,210,297,242,219,214,191,178,234,190,191,204,197,247,259,227,247,169,190,158,187,204,182,216,196,233,221,259,295,216,207,231,314,180,188,196,270,295,281,331,338,293,288,206,267,222,199,225,253,253,300,318,279,260,236,178,272,197,231,248,278,248,335,328,272,284,313,220,268,196,167,261,232,226,286,224,233,220,226,185,242,217,209,195,196,278,308,215,284,228,240,222,223,179,162,179,216,199,223,246,207
All Upper East Side,Manhattan,submarket,218,241,233,259,229,328,258,255,218,180,164,267,175,174,190,230,256,309,237,251,189,190,159,182,188,186,184,213,275,300,265,275,236,262,249,427,213,178,225,259,303,407,370,364,263,354,208,292,289,227,231,247,258,315,355,299,222,285,199,238,193,186,229,223,245,319,318,284,251,251,217,285,220,185,249,223,220,253,234,261,241,181,158,173,219,196,216,178,300,297,250,328,213,222,190,204,195,163,189,169,227,246,213,213
All Upper Manhattan,Manhattan,submarket,122,88,84,131,100,189,110,110,102,66,91,93,94,67,92,91,83,117,109,104,109,102,89,133,82,86,108,131,128,136,135,129,107,89,75,117,105,86,99,128,159,164,177,161,143,139,99,149,109,85,106,120,142,165,155,156,147,130,113,143,124,127,119,127,117,138,165,108,125,103,93,153,82,85,110,108,115,140,114,142,111,89,122,135,107,97,104,80,113,138,105,123,101,101,78,106,85,80,108,86,96,93,83,104
All Upper West Side,Manhattan,submarket,211,189,244,230,226,300,209,235,167,203,179,254,160,149,157,169,200,280,250,244,180,169,165,175,170,146,173,172,234,267,275,281,205,201,171,291,153,167,154,188,245,248,320,277,197,259,156,241,218,192,186,194,216,252,273,241,218,213,146,209,175,168,168,198,186,264,249,257,237,236,226,217,170,123,160,135,183,216,179,224,180,161,154,175,188,144,159,130,175,215,188,244,211,200,173,158,166,146,169,171,200,214,177,166
Alley Park,Queens,neighborhood,1,1,0,2,0,2,1,0,0,0,0,0,0,0,1,0,0,0,0,1,0,0,0,0,0,0,1,0,0,0,1,0,0,1,1,3,1,1,0,0,0,0,0,0,1,0,1,0,0,1,0,0,0,0,2,0,2,0,0,0,0,1,1,0,1,0,2,2,0,0,0,2,0,0,2,0,0,1,0,0,0,1,1,0,1,0,0,0,0,0,2,2,0,0,0,0,0,0,0,0,1,1,3,0
Astoria,Queens,neighborhood,31,26,47,49,32,47,42,36,47,40,34,47,40,25,43,31,55,54,28,33,36,28,42,40,38,49,47,54,44,61,47,43,36,38,42,63,54,43,31,44,61,39,53,39,49,43,64,52,42,35,41,45,53,36,46,55,58,50,53,60,43,34,44,49,41,49,47,49,45,62,41,47,39,37,46,41,54,38,33,50,38,36,47,72,53,37,42,39,47,40,35,48,44,56,37,53,43,48,36,31,51,45,39,32
Auburndale,Queens,neighborhood,20,13,8,16,11,42,18,14,14,16,25,17,13,14,15,9,22,15,16,23,11,18,8,10,10,13,18,15,18,18,16,22,12,17,13,30,20,11,17,13,25,30,21,28,29,19,11,21,25,19,17,21,20,13,19,30,30,23,23,20,14,20,23,22,21,21,24,18,23,32,31,18,21,10,24,21,18,20,25,22,20,26,27,22,20,20,21,20,12,16,19,26,23,25,26,14,14,12,17,15,18,22,23,22
Bath Beach,Brooklyn,neighborhood,17,15,17,16,9,22,9,9,15,7,7,19,11,7,17,14,8,11,14,10,13,13,6,6,9,10,8,3,10,14,18,15,15,6,12,16,8,9,11,10,11,13,11,15,12,20,11,17,17,10,16,9,15,13,15,7,18,17,10,22,12,15,16,18,12,14,9,14,15,15,10,19,13,16,21,19,11,20,7,7,20,10,9,12,12,10,14,11,11,8,8,9,18,8,15,13,12,6,8,14,12,9,10,8
Battery Park City,Manhattan,neighborhood,7,10,10,13,20,9,9,17,11,17,7,15,12,9,17,18,51,42,29,19,11,16,10,8,13,13,12,22,18,27,24,26,23,29,30,35,27,20,29,31,41,27,25,31,19,23,19,23,19,20,14,16,21,16,21,23,8,17,13,12,10,8,13,11,13,26,55,28,44,41,16,28,27,10,28,12,15,23,13,25,18,13,15,17,15,13,12,6,22,22,14,23,11,10,19,17,16,7,17,12,16,20,15,10
Bay Ridge,Brooklyn,neighborhood,37,32,36,36,29,78,39,47,28,35,36,38,37,39,31,29,25,30,42,35,33,32,29,34,28,24,40,42,45,43,24,46,43,38,28,43,32,32,37,31,45,46,47,71,39,57,42,50,45,31,40,53,52,58,55,49,47,51,46,47,43,42,47,42,48,48,47,54,70,64,45,42,39,34,48,28,36,40,40,44,40,31,32,46,33,38,46,38,31,42,56,51,43,41,36,48,42,44,30,40,42,54,34,28
Baychester,Bronx,neighborhood,2,2,2,5,2,2,2,1,4,1,3,2,3,3,3,10,12,1,6,3,4,5,3,3,4,5,3,3,3,5,3,2,2,5,2,4,2,3,2,3,2,3,8,3,3,2,4,2,3,1,6,7,3,2,5,5,2,3,4,2,2,1,2,1,2,4,1,4,3,4,3,3,2,2,4,2,4,5,3,0,2,8,4,2,9,3,4,6,8,3,5,3,6,2,4,1,7,3,5,3,7,2,7,5
Bayside,Queens,neighborhood,24,27,43,45,26,75,31,35,32,32,27,48,25,35,38,27,23,42,42,38,26,27,37,25,32,31,34,44,38,31,29,36,37,37,42,43,38,29,32,37,36,52,72,53,54,55,51,56,45,34,39,19,39,53,57,52,59,50,44,46,45,32,41,31,43,61,37,51,38,60,48,38,36,35,40,33,42,40,36,63,78,53,39,49,56,47,42,39,38,51,42,50,50,55,45,47,39,30,34,44,41,50,42,40
Bedford Park,Bronx,neighborhood,5,3,2,2,3,2,2,3,3,0,0,4,2,6,2,1,3,4,1,2,2,1,3,0,1,0,0,3,1,3,3,1,8,4,0,2,2,3,5,2,3,2,2,2,2,4,0,5,3,3,4,3,2,1,7,3,1,2,3,5,3,3,4,4,6,2,9,1,2,7,6,6,2,4,2,2,5,2,6,6,4,0,4,6,8,3,7,3,6,6,2,6,5,6,2,7,8,1,4,4,8,5,3,4
Bedford-Stuyvesant,Brooklyn,neighborhood,47,53,76,74,55,78,76,75,67,59,53,72,65,63,85,67,72,59,79,80,86,60,77,103,71,71,77,78,80,88,87,94,84,90,77,96,87,97,105,99,137,152,126,118,102,121,103,123,117,104,113,106,123,118,116,97,100,100,86,84,70,83,96,80,105,113,104,81,89,89,72,86,55,61,94,76,96,79,54,79,71,70,73,98,65,72,89,64,82,91,78,85,71,76,59,56,69,72,77,73,90,82,75,63
Bellerose,Queens,neighborhood,12,4,6,14,13,27,11,13,12,10,13,14,5,13,16,17,10,11,8,7,17,16,9,17,10,12,13,14,12,13,11,16,14,11,10,19,15,10,13,14,15,26,16,15,13,15,13,15,15,10,14,16,10,16,18,22,15,24,12,27,12,7,12,10,16,16,16,22,16,10,14,25,15,18,18,12,11,14,13,28,18,16,22,24,13,18,14,12,16,11,14,15,18,26,20,21,15,11,16,20,17,21,17,20
Belmont,Bronx,neighborhood,1,4,2,4,2,1,0,2,2,2,2,2,2,2,1,1,2,1,5,1,4,2,0,4,0,0,3,0,1,2,2,2,3,0,3,2,0,3,4,3,1,1,2,1,0,3,5,2,1,0,4,6,3,4,3,3,5,3,6,4,3,6,3,6,4,3,5,3,7,6,4,2,2,2,4,8,3,3,4,5,1,2,2,2,8,2,4,2,2,5,3,5,4,4,1,4,0,6,1,2,2,0,2,3
Bensonhurst,Brooklyn,neighborhood,20,20,28,30,21,40,30,23,20,20,33,22,19,29,27,23,9,26,18,20,24,19,28,23,20,29,32,25,15,22,21,24,19,22,17,29,21,9,18,21,32,30,28,28,25,47,26,34,29,21,17,25,30,21,23,21,24,32,20,33,22,28,26,16,17,13,24,26,18,24,19,12,27,21,26,22,26,24,20,38,42,29,23,20,31,17,12,22,23,33,25,25,21,19,17,26,26,17,22,21,18,24,19,17
Bergen Beach,Brooklyn,neighborhood,4,5,13,11,8,17,6,5,6,18,9,10,3,13,11,9,6,1,6,12,6,7,7,8,6,6,8,4,3,8,8,8,6,3,7,5,9,6,8,5,11,10,9,9,11,10,8,9,5,7,7,7,9,9,7,9,6,13,12,11,8,3,9,8,6,13,15,9,10,13,4,14,4,7,9,7,8,7,10,13,7,7,9,11,9,10,7,5,8,15,8,17,12,13,12,14,4,9,10,10,11,14,12,10
Boerum Hill,Brooklyn,neighborhood,10,4,2,10,8,9,5,4,4,3,5,3,4,3,8,6,11,11,7,7,5,4,1,3,3,4,4,6,8,9,7,8,9,8,11,10,4,3,11,8,9,14,10,14,5,11,10,9,12,3,9,5,13,9,8,8,6,16,8,9,8,12,17,6,6,8,12,7,12,4,6,5,12,4,6,12,9,8,10,12,15,9,9,5,36,59,50,31,18,25,8,9,8,11,17,7,12,5,7,8,11,32,17,8
Borough Park,Brooklyn,neighborhood,29,38,49,33,36,40,28,31,26,35,30,36,34,30,43,30,39,41,42,22,46,28,24,26,25,34,37,25,34,41,32,33,25,17,26,46,32,23,40,30,36,36,41,38,22,45,34,47,37,35,37,38,35,36,47,40,36,30,30,53,34,39,54,40,39,37,38,36,50,51,38,40,41,34,39,32,39,32,40,31,37,28,25,53,42,45,46,42,38,39,32,44,39,34,33,44,33,36,42,34,28,34,36,29
Bowne Park,Queens,neighborhood,0,0,0,0,0,0,0,0,0,0,0,0,0,0,0,0,0,0,0,0,0,0,0,0,0,0,0,0,0,0,0,0,0,0,0,0,0,0,0,0,0,0,0,0,0,0,0,0,0,0,0,0,0,0,0,0,0,0,0,0,0,0,0,0,0,0,0,0,0,0,0,0,0,0,0,0,0,0,0,0,0,0,0,0,0,0,0,0,0,0,0,0,0,0,0,0,0,0,0,0,0,0,0,0
Briarwood,Queens,neighborhood,17,4,11,6,11,17,12,12,15,4,7,11,11,6,16,6,9,13,11,21,9,9,8,7,12,10,6,7,12,4,14,11,6,11,9,10,11,5,13,12,10,14,12,13,12,14,17,13,9,10,18,13,7,16,13,12,10,11,10,8,12,7,11,13,10,22,12,13,16,14,11,13,12,18,19,11,14,17,19,23,14,20,18,15,19,13,18,9,13,19,7,15,16,22,20,21,19,13,10,11,12,20,20,19
Brighton Beach,Brooklyn,neighborhood,19,12,14,23,8,15,15,17,8,18,13,11,15,12,21,13,17,16,18,24,13,18,19,14,12,8,9,15,10,17,12,10,10,10,7,13,13,17,14,11,13,19,25,20,11,28,21,18,22,11,20,11,12,12,14,17,17,18,8,14,10,12,17,15,22,20,14,18,13,25,27,17,14,4,14,23,16,20,17,11,19,12,27,15,11,7,16,17,19,23,10,16,14,14,18,19,16,9,23,18,20,20,18,15
Bronx,Bronx,borough,229,216,241,218,251,464,221,226,258,168,188,216,184,258,235,221,233,300,231,225,204,220,195,243,172,219,212,180,246,241,257,248,230,245,211,272,211,225,228,245,232,254,309,271,264,342,280,302,187,218,266,264,279,308,332,298,300,353,281,345,242,252,316,295,303,357,362,362,330,348,337,424,263,257,366,341,342,404,355,370,405,357,333,387,322,335,405,363,379,445,346,432,399,466,420,389,375,349,392,324,405,402,426,366
Bronxwood,Bronx,neighborhood,6,9,6,6,4,7,6,8,7,1,3,5,5,10,4,8,2,5,9,5,2,1,5,6,2,4,5,5,3,5,5,4,7,1,4,6,4,6,3,2,7,9,7,10,8,5,6,6,2,6,5,8,10,4,6,7,6,14,8,6,7,8,13,6,9,9,10,7,7,2,7,15,10,4,9,5,11,9,9,8,19,4,15,6,11,12,18,8,11,17,16,10,11,15,15,16,9,9,10,8,13,15,6,15
Brooklyn,Brooklyn,borough,798,800,948,908,791,1506,885,897,912,863,887,989,902,862,1031,917,969,1132,973,1017,906,762,824,913,804,852,925,862,1024,1154,1073,1147,942,824,861,1194,970,842,977,1008,1179,1265,1311,1382,1071,1307,1060,1205,1091,969,1064,996,1145,1148,1271,1068,1178,1129,955,1194,923,997,1104,984,1039,1267,1279,1229,1103,1133,1001,1101,877,817,1123,904,1086,1211,998,1223,1205,930,1009,1181,1075,983,1175,978,1113,1381,1112,1354,1062,1036,1025,1026,982,869,963,924,1121,1178,1022,968
Brooklyn Heights,Brooklyn,neighborhood,35,22,26,32,39,44,27,28,27,22,18,26,18,22,30,22,37,38,43,42,22,20,19,17,26,20,22,26,35,53,42,44,24,29,48,38,44,26,30,38,34,39,41,32,37,24,26,24,21,15,20,23,37,31,28,24,23,23,12,20,25,15,22,23,23,24,29,25,30,18,32,23,19,14,19,11,18,35,34,33,27,27,24,29,32,24,28,21,28,37,30,23,16,25,19,26,26,30,22,18,24,31,27,23
Brookville,Queens,neighborhood,8,5,9,5,7,10,7,2,5,6,8,9,1,7,13,4,6,6,7,4,5,4,5,5,12,5,7,6,6,8,3,2,8,4,5,6,3,0,5,3,9,9,8,3,6,5,4,3,6,3,6,6,5,3,5,7,4,4,5,2,1,5,9,4,8,8,6,10,6,8,6,8,8,4,8,6,8,8,4,10,11,6,3,14,4,7,8,9,9,6,14,9,9,12,8,8,8,6,9,7,11,9,4,5
Brownsville,Brooklyn,neighborhood,4,6,9,10,7,11,5,6,11,11,2,5,4,5,12,7,6,7,6,12,12,5,14,10,6,11,10,9,8,6,3,12,7,11,3,19,8,9,6,11,16,13,6,16,9,17,13,15,9,14,20,9,19,12,12,13,14,12,9,13,15,13,21,15,14,14,13,17,19,10,15,22,15,17,18,20,10,12,9,16,14,15,9,13,15,21,23,11,16,18,10,17,12,18,15,5,17,12,18,8,14,17,11,12
Bushwick,Brooklyn,neighborhood,31,23,27,22,29,28,28,29,24,27,18,28,19,21,28,32,21,36,19,36,32,31,22,44,29,39,43,34,46,43,44,46,34,24,40,49,49,45,50,39,67,68,55,49,41,64,55,57,39,44,59,55,62,49,54,46,48,55,34,49,34,56,54,43,57,54,46,57,32,46,38,52,29,27,65,37,44,40,43,36,45,32,43,39,41,30,34,27,35,36,34,37,17,29,32,33,33,23,27,35,40,37,39,38
Cambria Heights,Queens,neighborhood,9,11,14,17,7,20,9,9,12,8,7,12,8,7,13,8,5,7,10,9,11,6,11,6,9,11,6,8,6,8,7,16,10,12,12,9,6,7,7,16,19,7,9,11,15,9,12,13,11,13,13,9,12,17,12,17,12,10,15,15,9,7,15,14,16,14,10,10,13,9,15,12,10,14,17,11,15,17,7,9,21,10,9,15,20,10,10,19,8,17,12,27,22,18,17,13,19,15,9,10,15,21,12,12
Canarsie,Brooklyn,neighborhood,16,27,27,19,26,23,17,22,34,12,19,40,24,16,25,28,31,22,29,20,24,22,30,34,20,20,24,31,23,30,29,32,23,33,17,28,25,20,18,17,26,27,33,32,24,25,20,27,34,23,31,27,35,34,37,37,35,34,34,39,47,43,42,34,30,38,44,50,31,39,33,38,29,24,37,26,32,38,21,34,35,41,35,46,27,28,40,45,39,31,34,42,37,49,44,39,32,41,32,40,46,39,36,38
Carroll Gardens,Brooklyn,neighborhood,14,7,16,14,2,29,11,17,9,20,6,8,12,19,10,17,18,18,14,17,17,9,9,8,8,12,12,12,9,18,17,22,11,9,15,22,10,14,13,9,15,17,21,41,25,8,9,13,6,12,10,11,17,12,12,13,15,10,7,12,9,7,7,9,9,14,13,7,7,11,10,12,9,9,11,11,8,13,12,17,13,12,9,13,12,5,11,9,10,9,21,16,7,11,8,4,11,9,15,7,7,10,17,10
Castle Hill,Bronx,neighborhood,2,4,7,5,1,10,4,2,6,5,3,4,6,2,10,6,7,6,4,7,7,7,6,6,4,3,4,2,7,8,4,3,3,7,6,10,3,4,5,8,2,6,8,5,5,7,6,6,10,3,3,9,7,13,4,6,8,6,6,6,5,4,9,2,8,6,11,9,6,18,14,10,3,6,7,8,7,9,5,15,8,15,11,7,10,10,9,8,6,10,9,7,11,16,8,11,14,9,12,7,9,5,9,8
Central Harlem,Manhattan,neighborhood,70,43,33,78,38,87,73,52,59,30,50,46,49,37,49,43,47,55,47,49,53,50,45,52,39,39,54,55,60,65,68,48,36,38,30,44,56,34,34,28,46,42,63,59,48,47,38,55,46,43,34,50,67,70,66,35,42,52,37,53,64,60,58,39,37,55,78,36,56,35,36,40,25,28,35,41,47,40,37,43,35,29,60,65,44,43,35,33,42,46,50,52,36,36,39,36,29,23,42,39,31,34,31,31
Central Park South,Manhattan,neighborhood,5,5,11,9,5,5,8,8,6,3,6,14,4,9,3,1,7,10,10,8,2,3,6,5,8,6,7,6,9,7,9,7,5,6,8,15,4,6,6,5,15,13,10,18,8,11,6,5,6,8,5,12,11,15,7,11,8,8,2,6,4,8,10,8,8,5,3,9,4,8,6,3,10,2,3,6,2,9,9,2,5,2,6,5,6,3,4,2,7,6,2,3,6,6,6,4,8,2,5,5,3,2,8,4
Central Queens,Queens,submarket,303,287,359,318,270,534,239,237,279,265,276,269,250,232,289,255,302,312,260,287,258,245,281,290,242,294,259,255,289,274,273,316,284,307,276,345,278,273,287,271,341,320,386,393,392,478,379,403,383,341,359,322,346,369,401,386,405,465,358,421,312,318,378,336,311,417,486,423,383,436,351,390,292,292,390,290,319,374,315,374,381,309,354,362,353,310,357,271,367,397,306,400,320,362,324,337,306,308,315,303,303,371,309,300
Chelsea,Manhattan,neighborhood,44,41,68,65,57,91,60,59,47,49,40,59,49,48,56,55,49,63,68,75,68,57,52,56,60,45,52,63,80,60,68,66,59,44,52,100,52,35,47,65,108,91,91,79,76,54,57,93,69,59,59,65,74,64,80,81,62,74,69,66,43,58,45,57,63,96,94,63,64,50,46,55,46,50,126,52,89,58,46,76,65,52,59,55,51,61,49,44,60,79,63,58,53,42,32,56,43,35,34,34,38,60,46,59
Chinatown,Manhattan,neighborhood,1,7,0,2,1,4,3,3,1,0,0,0,0,0,3,1,2,3,1,6,1,1,1,0,2,0,1,0,2,0,2,2,1,2,2,6,2,5,3,9,2,6,1,6,2,7,1,1,0,1,1,2,2,0,0,0,4,1,0,1,1,0,1,0,2,2,1,0,3,1,0,2,1,1,2,3,1,1,4,0,0,0,0,1,1,4,1,2,2,1,2,0,2,2,1,14,7,2,2,0,3,4,2,1
City Island,Bronx,neighborhood,2,3,1,2,1,4,3,2,1,1,8,4,1,0,2,2,4,0,1,1,2,0,5,0,1,3,4,0,2,2,5,7,3,3,1,1,1,2,1,3,2,4,7,2,1,5,3,2,0,1,1,3,5,7,2,1,6,6,3,8,2,6,2,3,5,4,4,3,5,4,3,8,5,4,3,5,3,5,4,4,2,3,4,5,3,7,9,2,6,6,1,5,3,6,2,6,4,7,2,4,6,2,4,4
Civic Center,Manhattan,neighborhood,3,0,0,1,2,5,2,3,2,1,2,3,1,4,2,2,0,1,2,1,5,2,2,1,0,1,0,5,0,1,3,0,0,0,2,1,1,2,1,1,2,0,4,5,2,0,2,2,1,1,3,3,2,1,2,1,1,3,3,3,1,3,1,0,0,4,3,2,5,1,2,2,1,0,1,1,0,3,2,1,3,2,1,0,1,1,1,2,0,1,1,0,4,5,0,2,5,1,0,0,1,1,2,0
Clearview,Queens,neighborhood,9,12,11,17,6,16,8,10,13,8,7,12,4,10,9,5,9,8,14,12,17,8,9,12,12,7,10,13,4,15,11,9,6,5,7,10,11,11,4,13,22,15,7,23,14,7,13,12,17,6,12,12,14,11,14,15,19,14,10,15,9,13,8,8,18,18,12,26,17,23,9,16,13,10,20,15,9,15,12,21,15,20,11,10,20,18,11,8,14,18,11,15,9,20,13,14,12,8,12,8,11,16,13,18
Clinton Hill,Brooklyn,neighborhood,7,13,11,8,14,27,6,22,9,10,8,8,6,12,16,34,24,25,21,23,17,17,15,20,18,18,18,29,19,25,16,19,13,13,22,17,23,20,24,30,19,22,29,32,29,26,25,16,21,17,17,26,16,24,39,26,20,32,19,18,25,15,14,18,16,20,24,24,26,32,15,31,16,24,26,19,28,20,24,19,28,16,11,20,21,13,30,18,28,42,23,28,27,26,25,22,17,11,17,12,24,14,17,18
Co-op City,Bronx,neighborhood,0,0,0,0,0,0,0,0,0,0,0,1,0,0,0,0,0,0,0,1,0,2,2,0,0,0,1,0,1,1,0,0,0,0,0,1,1,0,0,0,0,0,0,0,0,0,0,1,0,0,0,0,0,1,0,0,0,0,0,2,0,0,0,1,1,1,0,0,0,1,0,0,0,0,0,1,0,0,0,0,0,0,2,1,0,0,0,0,0,0,0,0,0,0,0,1,0,0,4,0,1,1,1,0
Cobble Hill,Brooklyn,neighborhood,3,8,5,12,14,13,12,8,3,4,5,5,4,8,5,2,10,19,7,8,5,4,3,2,5,8,7,7,21,28,18,14,7,11,12,16,2,10,8,12,11,19,14,8,10,9,11,14,9,5,6,7,6,13,9,6,9,10,5,8,6,13,9,7,11,20,20,7,16,6,8,8,8,4,5,2,12,12,7,10,12,5,9,8,6,6,2,5,6,17,11,16,7,8,8,8,14,11,2,11,10,8,3,13
College Point,Queens,neighborhood,17,7,16,14,15,29,13,14,15,9,14,18,17,15,12,12,9,12,21,19,10,14,13,25,18,16,20,8,11,18,12,18,29,11,19,30,19,16,7,12,20,23,27,16,29,24,14,16,17,14,18,11,23,12,17,26,19,16,15,19,15,28,15,9,12,22,20,20,23,30,20,17,15,10,16,9,24,16,14,27,26,28,26,26,15,16,29,11,20,18,24,24,14,20,19,17,22,25,20,15,18,22,21,18
Columbia St Waterfront District,Brooklyn,neighborhood,0,1,2,0,2,2,4,4,4,2,2,1,13,17,17,17,6,8,6,12,12,4,4,1,2,2,0,0,4,4,2,7,1,3,5,4,7,7,3,4,3,7,7,4,5,7,2,4,4,4,5,2,3,5,3,4,12,9,3,4,1,4,1,10,2,2,4,2,1,3,5,3,6,5,0,2,8,4,4,7,1,5,3,4,5,6,2,0,3,1,4,2,5,5,1,3,1,0,3,1,3,6,5,8
Concourse,Bronx,neighborhood,3,3,5,6,21,60,13,8,9,6,5,8,5,10,4,3,10,6,8,8,4,3,10,6,4,8,9,6,7,4,3,2,5,9,4,6,8,2,4,9,5,5,13,6,4,13,7,12,4,6,12,9,6,7,9,16,12,11,5,13,10,13,8,11,10,19,17,8,11,19,15,37,13,9,14,13,8,11,14,12,16,5,7,11,6,15,10,8,14,15,9,11,12,9,14,6,8,10,15,6,8,20,14,5
Coney Island,Brooklyn,neighborhood,6,7,6,9,6,17,3,5,11,4,10,7,12,10,6,10,7,8,3,12,7,13,7,11,16,7,8,9,6,5,9,7,6,7,2,9,9,6,4,6,9,5,10,11,17,11,7,7,14,12,15,11,8,15,6,15,19,11,11,10,11,13,6,11,14,11,9,18,17,16,9,14,10,8,15,7,13,13,16,16,6,25,19,8,10,8,16,10,10,12,19,16,20,13,15,15,20,10,8,12,19,16,10,16
Corona,Queens,neighborhood,20,15,15,12,12,14,5,11,12,15,13,23,12,9,15,16,15,11,6,14,18,13,24,17,15,17,10,15,11,10,11,15,7,2,14,28,14,10,14,22,9,10,13,23,9,23,14,19,21,12,19,19,21,16,19,27,21,24,28,18,17,21,26,20,21,18,28,18,31,20,20,21,14,21,44,15,19,16,21,16,21,14,17,21,15,31,19,15,21,15,13,19,11,15,20,23,17,19,16,23,11,18,19,20
Country Club,Bronx,neighborhood,2,3,3,2,5,7,3,2,4,3,5,6,4,0,0,3,1,2,4,14,3,1,3,5,4,2,5,1,4,5,6,3,7,1,2,4,4,6,2,6,5,6,9,4,6,8,2,4,3,7,6,6,6,3,6,3,8,8,10,6,4,9,7,5,7,6,4,12,3,13,6,4,3,2,6,2,6,3,3,9,8,3,9,8,8,5,7,5,7,6,4,7,8,7,15,9,8,7,6,2,13,4,12,8
Crotona Park East,Bronx,neighborhood,2,3,2,5,3,5,3,4,3,2,5,3,5,61,3,3,3,1,3,2,4,6,8,12,5,5,2,2,7,2,5,2,2,2,3,4,3,2,2,2,3,6,5,6,1,5,3,5,2,6,8,7,7,3,4,5,6,6,4,8,6,4,1,7,1,6,4,6,6,4,8,7,5,2,10,4,5,4,5,6,7,1,5,4,5,8,7,3,7,8,6,6,4,10,12,7,7,8,6,7,6,5,5,3
Crown Heights,Brooklyn,neighborhood,22,22,24,31,21,49,37,30,27,23,23,25,33,38,36,32,37,33,26,41,30,25,30,26,28,29,30,31,32,32,42,40,40,41,33,50,40,30,45,49,40,32,56,40,46,58,60,60,43,44,39,38,45,55,105,41,58,41,36,55,27,37,41,37,42,38,43,50,44,46,47,41,40,29,51,40,49,62,36,41,43,26,31,44,34,24,32,34,48,47,34,49,37,31,34,43,33,27,34,34,41,36,36,30
DUMBO,Brooklyn,neighborhood,6,5,7,6,7,8,13,7,4,5,2,1,6,7,5,5,8,5,3,6,5,5,6,9,2,5,18,20,17,37,22,14,5,12,3,13,6,16,9,14,18,11,21,24,7,8,6,15,8,3,2,10,15,12,8,8,13,8,5,5,9,4,8,6,9,10,9,10,8,4,2,21,3,3,4,7,14,7,18,38,14,16,4,9,19,19,26,17,4,21,11,14,10,10,7,8,10,3,4,5,6,5,9,7
Ditmas Park,Brooklyn,neighborhood,10,6,10,9,7,27,9,7,7,6,7,6,6,5,6,6,13,12,11,8,8,10,3,8,4,10,11,6,15,18,11,11,8,8,11,16,12,11,12,9,12,8,13,20,10,11,12,12,8,16,11,15,8,10,21,19,14,15,10,13,10,10,10,8,10,17,16,15,17,10,12,9,10,10,14,7,12,19,13,11,16,9,13,6,6,5,15,4,12,8,12,18,13,8,10,11,7,7,8,8,7,9,13,9
Douglaston,Queens,neighborhood,6,4,15,10,5,7,10,5,13,2,6,4,5,3,8,10,5,5,10,4,10,3,3,9,5,8,9,9,8,6,8,10,8,2,8,14,7,5,9,11,5,16,7,21,19,13,10,15,10,7,10,3,9,3,7,11,9,6,15,17,12,10,11,10,8,9,9,17,16,10,10,11,11,3,19,6,11,9,13,10,20,15,24,17,7,11,10,9,7,5,9,16,7,19,12,16,12,10,14,11,14,13,16,13
Downtown Brooklyn,Brooklyn,neighborhood,15,35,38,22,22,48,20,19,24,38,69,69,56,37,55,30,39,48,19,35,17,17,17,14,7,22,21,20,30,27,27,29,20,22,23,29,26,17,15,18,26,24,22,32,28,20,20,17,18,17,13,17,18,15,22,20,13,16,15,36,33,18,27,33,19,34,23,34,5,17,8,16,15,12,19,6,10,30,12,23,20,18,10,19,17,13,12,12,14,26,15,22,15,9,8,14,18,21,20,21,34,35,14,14
Dyker Heights,Brooklyn,neighborhood,25,12,18,13,11,15,12,14,13,18,16,16,10,14,17,10,13,16,8,15,16,15,18,12,21,13,13,14,16,15,17,30,24,13,23,19,17,19,19,23,12,24,17,13,19,31,17,12,19,20,17,16,12,19,19,17,13,26,23,25,12,15,18,14,12,23,15,27,16,23,18,11,15,19,12,15,12,19,14,24,18,16,20,18,20,17,8,15,14,22,19,22,9,16,18,16,17,14,17,9,11,14,18,14
East Brooklyn,Brooklyn,submarket,150,155,194,199,161,245,199,190,189,175,153,192,178,181,210,192,191,183,166,211,213,155,180,235,184,206,215,206,227,212,250,250,207,211,194,278,237,219,269,286,326,340,327,308,263,342,303,315,274,261,290,257,303,306,347,260,299,289,221,300,177,252,281,243,291,294,285,264,242,264,239,281,194,175,292,247,273,253,215,234,253,201,223,269,224,203,245,200,250,290,226,273,207,221,201,198,207,187,232,209,247,240,230,191
East Elmhurst,Queens,neighborhood,9,10,9,7,3,12,8,10,13,13,16,8,8,8,11,9,11,8,3,8,6,4,12,6,11,6,10,10,13,12,12,5,8,12,9,8,6,9,7,13,17,13,11,15,10,6,12,8,12,8,6,7,11,11,12,12,15,11,11,14,7,9,10,6,10,15,6,15,17,13,10,9,10,11,12,8,14,15,12,11,12,18,15,9,9,6,15,10,19,18,19,10,6,10,10,10,9,6,11,5,12,10,9,9
East Flatbush,Brooklyn,neighborhood,29,29,23,34,28,45,32,21,31,14,31,29,15,20,26,21,37,33,22,33,26,23,24,25,30,28,36,34,31,25,31,26,31,20,32,40,21,18,35,28,32,33,39,41,26,56,37,34,28,37,50,31,30,45,43,29,58,45,50,41,42,43,45,35,37,50,51,45,47,44,45,51,34,40,43,42,53,43,35,49,60,34,45,47,52,36,54,47,52,57,52,51,53,40,49,39,38,40,42,52,54,63,48,41
East Harlem,Manhattan,neighborhood,8,2,3,7,7,15,11,4,3,4,4,6,8,5,5,12,5,10,10,4,13,24,12,13,9,10,13,8,19,18,9,15,7,9,8,7,9,4,18,48,42,34,41,16,16,11,5,8,2,5,10,3,5,12,9,8,5,8,7,10,5,9,7,7,3,8,11,10,7,5,9,18,4,10,11,16,11,20,17,26,21,10,9,13,5,10,12,7,10,9,8,7,4,4,3,7,4,5,5,4,4,5,6,24
East New York,Brooklyn,neighborhood,46,51,59,62,49,80,53,50,60,56,57,62,57,54,49,54,55,48,36,42,53,35,37,53,50,57,55,54,62,43,74,58,42,45,41,64,53,38,63,89,66,77,84,85,65,83,72,61,66,55,60,49,54,72,60,63,79,81,56,99,31,63,69,68,74,75,79,59,58,74,67,81,55,41,64,74,75,60,73,62,80,58,67,75,69,56,67,64,69,98,70,86,70,68,62,62,55,53,76,60,64,68,69,48
East Tremont,Bronx,neighborhood,4,9,3,5,11,10,6,4,9,4,3,3,5,2,12,4,4,4,4,8,5,2,4,3,2,3,3,5,7,3,6,7,3,8,4,3,3,4,4,2,5,6,6,2,0,5,4,4,5,5,6,4,5,3,10,8,10,4,5,7,6,6,10,9,6,7,7,10,11,5,9,6,6,5,6,2,2,6,11,7,13,8,7,9,4,5,12,10,7,8,12,10,8,13,11,12,7,8,8,8,9,11,13,10
East Village,Manhattan,neighborhood,15,15,13,19,36,44,15,23,20,10,15,19,17,19,16,9,41,31,27,31,17,14,15,16,13,16,19,14,22,21,29,24,18,21,17,22,17,14,10,25,26,33,36,20,30,24,15,29,23,11,16,19,33,61,46,36,26,35,27,28,23,14,20,22,27,25,36,28,30,18,15,17,21,15,14,22,36,23,21,31,25,12,17,29,28,17,17,20,22,39,28,32,20,11,18,18,26,39,37,25,35,19,13,24
Eastchester,Bronx,neighborhood,2,2,2,1,2,2,1,3,2,0,0,4,1,2,2,1,1,1,3,1,0,0,1,4,2,2,1,0,3,1,2,1,3,0,1,1,1,1,3,4,1,3,0,2,1,1,0,1,2,1,5,4,5,7,1,2,3,5,3,4,1,0,1,1,3,0,4,5,0,0,0,8,1,1,4,1,1,2,1,2,4,3,3,3,2,2,1,1,2,4,2,3,1,3,5,2,4,4,4,4,5,9,7,4
Edenwald,Bronx,neighborhood,1,7,7,3,7,13,3,5,9,0,4,3,9,7,5,5,4,6,4,6,5,6,4,5,5,7,2,1,5,4,9,6,4,9,6,8,5,3,3,3,5,8,6,5,4,12,10,7,3,6,3,4,10,5,6,6,6,5,7,8,6,9,9,9,12,12,4,8,7,11,13,13,6,9,6,8,7,13,14,13,10,6,12,10,13,7,11,8,10,11,11,11,9,12,12,11,7,7,12,10,9,8,6,8
Elmhurst,Queens,neighborhood,39,46,60,38,31,62,24,21,37,26,31,29,28,20,35,31,34,22,28,26,29,29,26,37,30,21,25,31,19,24,24,40,22,41,29,37,28,34,32,25,31,30,28,38,57,50,39,34,33,33,33,25,22,44,30,34,25,51,44,42,33,32,37,37,30,40,45,38,33,42,28,47,42,21,41,38,26,35,21,45,40,27,30,27,30,30,36,20,22,32,29,27,33,36,30,25,25,38,39,38,17,34,20,30
Financial District,Manhattan,neighborhood,47,39,47,44,39,55,27,30,27,23,22,28,24,21,35,50,59,43,33,32,34,21,16,39,25,33,33,42,30,42,40,40,29,39,21,36,28,20,30,47,44,53,55,51,54,47,36,33,39,35,43,46,48,35,37,48,46,36,39,43,23,32,29,43,32,45,45,41,33,32,24,36,20,26,31,28,43,38,33,47,31,28,32,33,49,52,66,55,49,41,32,55,41,27,31,30,15,22,28,19,36,27,26,22
Flatbush,Brooklyn,neighborhood,7,8,5,12,12,25,12,13,13,7,7,21,9,5,7,5,13,14,13,10,5,13,12,14,9,13,9,7,10,10,8,12,11,7,14,18,13,15,13,11,16,15,16,19,17,27,11,19,16,23,21,23,22,13,15,21,15,8,21,14,14,18,19,22,18,20,29,31,16,25,20,11,11,16,23,18,20,20,16,29,21,20,17,24,24,18,22,18,19,27,21,19,19,18,15,29,24,16,24,15,21,21,19,26
Flatiron,Manhattan,neighborhood,30,24,30,46,35,58,38,30,30,25,25,32,23,23,47,43,32,40,26,28,32,16,29,26,28,18,22,34,37,31,33,33,34,23,24,37,22,27,29,35,42,33,52,42,54,53,18,37,37,21,27,36,30,47,47,29,35,35,45,34,36,27,27,35,22,46,29,46,35,50,33,32,31,16,37,44,37,53,41,32,46,26,28,35,37,30,40,46,40,38,36,80,18,34,23,29,19,17,25,32,43,39,16,24
Flatlands,Brooklyn,neighborhood,7,7,9,9,7,17,7,8,10,16,9,12,6,7,12,6,11,14,4,6,8,7,13,13,4,8,11,3,11,14,12,7,9,6,11,6,5,5,9,8,13,6,11,13,5,14,6,7,10,6,9,6,7,11,4,14,14,10,11,19,8,15,11,12,8,20,13,14,14,14,15,9,13,5,11,11,18,21,15,16,21,15,25,14,13,10,11,11,6,19,11,19,16,14,11,7,14,8,16,14,13,14,12,14
Floral Park,Queens,neighborhood,0,2,1,0,1,3,0,4,3,2,5,5,1,4,4,2,3,2,4,3,5,0,0,3,0,2,4,3,2,2,3,3,6,5,2,2,6,4,4,0,4,0,3,4,2,6,4,5,1,1,2,0,2,1,8,4,3,7,1,5,4,5,3,3,4,5,8,5,7,6,5,1,2,1,5,4,3,3,2,6,2,2,2,6,4,5,2,5,2,7,3,4,3,4,7,3,5,5,3,1,4,3,3,3
Flushing,Queens,neighborhood,87,90,107,119,114,176,84,79,89,74,105,108,93,99,109,91,107,127,102,108,111,101,73,107,89,86,110,107,102,114,110,116,96,112,117,124,124,91,94,112,138,143,190,154,181,166,133,128,140,129,115,86,101,108,124,114,168,161,110,145,94,85,83,112,93,96,144,112,123,128,108,103,72,74,95,102,94,114,78,128,107,120,114,151,128,104,153,123,162,182,154,186,148,155,115,127,116,111,87,94,104,111,105,79
Fordham,Bronx,neighborhood,3,2,0,1,2,4,2,2,1,0,4,2,3,2,1,0,3,0,2,2,2,2,4,1,0,2,2,2,4,2,1,0,2,1,1,2,2,4,2,1,0,2,3,3,3,4,1,6,2,1,1,3,5,3,1,1,2,3,2,0,5,2,5,1,2,4,4,1,0,4,3,7,1,0,6,5,3,3,3,4,3,2,3,3,6,5,3,5,0,2,3,2,4,7,5,5,7,2,3,3,2,8,3,4
Forest Hills,Queens,neighborhood,69,51,86,70,73,137,52,58,71,61,65,59,66,67,64,53,58,94,52,64,53,59,58,56,53,71,52,44,63,67,66,73,71,77,59,89,65,49,71,57,75,70,102,104,86,106,78,76,75,70,81,70,75,93,92,97,91,95,74,92,66,75,92,74,64,101,147,115,91,99,79,84,57,70,62,62,63,89,66,103,73,60,89,78,85,70,75,59,84,98,74,102,74,82,65,71,82,58,66,62,77,86,55,64
Fort Greene,Brooklyn,neighborhood,21,19,46,33,15,27,13,12,15,8,5,20,11,10,18,22,13,46,20,20,13,9,10,14,7,4,10,5,13,14,12,14,11,9,9,16,10,12,15,17,17,12,22,20,15,12,8,15,16,11,8,10,15,9,17,11,14,9,11,17,6,14,9,9,15,16,20,10,20,19,7,13,7,10,10,11,32,61,33,20,18,14,6,12,13,11,14,7,18,19,12,13,9,6,13,10,9,11,4,7,17,11,12,8
Fresh Meadows,Queens,neighborhood,5,2,8,10,2,10,1,6,9,9,4,4,4,1,4,8,5,5,9,1,2,4,6,6,6,3,8,3,5,5,7,5,6,9,6,10,7,6,9,7,7,7,7,5,10,8,4,4,9,6,3,5,6,6,7,2,6,4,8,6,7,4,4,10,7,7,5,11,8,4,8,14,7,4,9,4,8,8,7,6,11,5,9,8,5,6,9,3,2,11,5,6,7,6,8,1,4,3,6,4,3,9,3,4
Gerritsen Beach,Brooklyn,neighborhood,4,3,4,0,3,7,2,3,3,6,2,3,1,5,5,1,2,3,3,3,3,3,0,1,6,6,3,1,4,4,6,5,2,3,1,3,5,0,3,3,4,5,3,4,4,3,3,2,1,7,6,3,3,3,4,5,5,5,6,3,4,2,4,1,0,5,6,4,2,5,3,3,4,2,5,5,7,8,5,6,3,4,6,3,7,2,1,4,14,5,6,7,4,7,6,3,6,2,5,2,4,5,7,1
Glen Oaks,Queens,neighborhood,24,14,21,22,30,49,25,30,18,28,27,19,20,17,31,24,22,27,27,29,29,36,25,28,19,20,23,12,24,28,35,38,27,29,20,31,27,23,21,29,38,39,37,32,34,44,32,28,28,15,21,19,24,21,39,33,38,40,21,33,15,23,21,19,34,38,42,24,30,41,29,19,19,24,23,19,30,44,23,34,27,42,23,24,27,27,28,22,30,31,35,35,30,38,28,27,32,20,22,17,29,29,22,26
Glendale,Queens,neighborhood,12,15,19,22,17,34,18,10,21,14,22,13,15,13,18,10,17,12,7,13,11,15,11,15,15,16,18,17,14,14,16,14,14,19,13,21,25,13,11,9,20,20,17,21,12,24,18,21,24,17,19,26,21,18,21,22,16,23,20,29,11,15,22,23,13,19,26,16,19,23,21,20,24,17,17,17,13,22,23,24,28,24,19,17,18,11,17,18,19,24,25,34,19,16,19,20,20,21,21,19,28,16,24,21
Gowanus,Brooklyn,neighborhood,2,3,5,3,3,35,16,21,18,10,8,5,6,3,10,12,6,12,6,11,4,12,8,4,4,6,8,5,4,7,5,13,5,6,6,6,6,1,1,3,1,6,8,6,2,6,7,3,6,2,4,3,4,8,6,6,2,7,4,4,4,3,3,2,5,5,4,4,3,1,6,8,1,5,6,2,5,2,2,7,3,2,2,2,0,8,4,4,4,3,7,7,5,6,0,4,5,2,2,4,7,2,0,2
Gramercy Park,Manhattan,neighborhood,15,13,19,20,21,37,29,23,21,19,19,14,18,19,30,17,24,33,32,35,40,28,26,28,21,25,18,25,37,45,40,36,38,22,24,31,27,17,29,22,40,37,46,38,29,39,22,25,34,23,34,24,31,45,47,39,53,50,38,37,21,28,25,28,33,37,40,30,24,31,19,17,13,13,23,24,56,39,32,35,23,26,31,17,17,23,20,23,34,38,35,51,27,26,23,19,24,19,23,21,28,23,31,38
Gravesend,Brooklyn,neighborhood,40,33,32,21,19,56,22,43,31,30,45,32,27,35,29,28,24,33,41,24,31,25,34,39,31,25,33,16,22,43,33,51,40,24,28,44,42,32,34,33,38,44,41,63,43,43,45,48,50,46,45,33,38,41,41,31,39,63,43,52,31,44,45,36,38,45,52,37,47,38,34,39,27,34,41,35,28,42,39,39,44,33,33,62,34,35,40,25,31,31,31,41,36,31,46,38,30,29,37,31,25,36,32,30
Greenpoint,Brooklyn,neighborhood,3,10,9,17,12,34,13,11,14,11,14,29,34,22,27,21,25,24,24,14,20,16,13,16,13,21,17,10,23,25,19,12,21,12,14,13,13,11,9,12,14,19,12,26,17,14,19,16,9,14,13,14,30,12,12,19,10,20,14,9,10,13,15,15,19,15,18,13,12,14,22,14,10,8,10,6,4,12,11,12,17,5,8,12,15,25,17,11,22,18,21,36,22,19,20,20,15,16,8,15,22,14,16,8
Greenwich Village,Manhattan,neighborhood,32,33,44,50,38,69,55,62,56,43,36,37,35,36,45,48,51,50,46,44,41,41,31,45,26,30,34,37,51,63,51,77,54,56,37,79,29,33,40,47,61,68,76,60,47,57,40,57,45,32,35,36,42,66,65,55,45,48,31,43,27,50,38,43,45,40,61,46,56,52,60,57,56,39,80,78,47,58,52,70,50,46,42,46,44,31,36,36,43,60,36,53,40,21,39,33,27,35,32,37,44,40,46,53
Greenwood,Brooklyn,neighborhood,10,9,6,4,6,11,6,6,4,5,5,9,2,6,6,7,5,7,7,8,1,5,5,8,3,2,12,6,14,3,8,16,9,3,6,17,10,2,8,5,11,15,9,5,2,11,3,7,15,11,7,8,9,5,8,4,7,6,6,5,10,8,2,8,8,11,11,14,8,5,9,8,7,8,10,7,14,4,10,12,9,5,6,3,6,10,13,6,7,15,10,10,9,12,5,9,2,5,7,5,9,11,9,8
Hamilton Heights,Manhattan,neighborhood,15,7,8,13,7,15,5,6,8,5,5,5,7,3,6,6,4,15,8,3,8,9,4,43,6,7,5,44,5,8,4,9,11,9,8,14,5,6,2,12,11,17,10,18,11,11,11,12,8,7,15,14,27,11,16,22,17,13,10,18,11,14,16,24,21,11,15,11,11,12,7,21,19,10,13,8,15,12,13,12,9,9,11,7,14,10,13,7,14,24,4,14,9,9,7,16,10,10,12,10,9,5,18,8
Highbridge,Bronx,neighborhood,1,1,1,3,1,3,0,2,2,1,0,1,1,1,1,2,2,1,0,1,1,2,2,2,3,0,3,2,1,3,5,1,1,1,1,3,2,2,2,1,3,3,3,0,0,1,4,2,0,2,1,2,3,1,3,2,1,2,0,3,1,2,4,1,3,0,2,5,2,4,1,7,3,2,3,4,2,11,3,0,2,1,1,4,3,5,3,0,3,7,3,4,2,5,0,13,3,9,4,3,3,4,3,1
Hillcrest,Queens,neighborhood,5,10,4,2,11,8,6,4,12,7,9,3,7,5,9,5,5,9,8,5,6,7,8,8,9,9,3,5,9,4,6,8,9,6,8,15,5,9,8,8,9,12,10,10,8,20,10,11,5,6,12,7,14,9,6,12,9,6,8,13,6,11,9,3,4,9,9,13,18,9,10,8,7,7,7,9,11,7,9,12,15,11,8,12,8,10,9,14,11,13,10,16,8,11,8,6,3,7,8,9,6,8,13,9
Hollis,Queens,neighborhood,10,13,15,14,13,13,16,6,10,10,9,10,11,15,14,15,11,8,15,9,11,13,15,11,9,10,11,12,13,12,5,11,11,12,10,17,7,21,11,7,10,12,13,13,11,8,12,13,9,11,12,11,8,15,17,12,15,15,11,10,5,17,17,9,11,21,15,19,7,13,20,16,12,12,16,17,14,13,16,18,16,14,10,12,21,12,16,17,12,19,15,17,9,22,16,15,15,10,15,16,16,9,18,11
Howard Beach,Queens,neighborhood,18,16,22,21,20,34,19,18,23,20,21,16,23,17,19,21,15,21,21,24,27,17,21,19,20,16,29,22,21,26,20,26,21,30,15,29,14,23,22,25,27,21,34,29,22,25,30,32,26,16,20,26,22,29,26,33,31,33,36,29,23,27,39,29,35,20,37,31,23,34,29,36,24,18,29,16,32,31,32,34,42,33,31,30,15,30,27,27,39,29,36,45,36,49,29,27,31,32,28,28,28,49,30,30
Hunts Point,Bronx,neighborhood,1,1,2,1,1,2,2,3,2,2,1,2,0,0,0,1,0,2,1,0,1,1,0,0,1,0,0,0,0,1,0,0,1,0,3,1,2,1,2,1,2,2,2,3,0,3,2,3,1,2,7,1,2,4,2,6,3,1,2,1,2,1,2,2,2,0,3,0,0,2,2,3,0,2,3,1,1,1,3,1,2,4,4,1,0,2,3,2,4,1,1,0,0,5,2,3,2,2,1,1,4,1,0,2
Inwood,Manhattan,neighborhood,2,5,7,3,9,9,2,3,4,4,4,8,4,3,4,5,4,5,9,8,1,2,4,4,6,2,3,0,7,8,7,10,9,6,2,6,9,6,7,7,8,9,9,8,15,8,9,17,12,4,6,13,6,13,12,10,12,11,12,15,9,8,7,9,9,8,12,12,8,8,8,7,3,7,15,10,4,8,7,5,8,3,7,11,7,3,4,8,6,6,4,9,10,5,9,11,3,8,7,5,8,7,3,5
Jackson Heights,Queens,neighborhood,37,45,30,49,43,95,37,37,27,42,30,36,32,26,39,34,46,34,44,31,35,40,32,39,30,41,35,40,46,42,39,42,45,44,47,40,42,41,44,39,47,38,48,56,70,81,78,84,50,56,59,53,57,58,77,55,62,84,51,73,52,52,66,54,65,74,67,76,59,71,46,64,48,46,63,48,47,59,51,48,72,48,64,68,63,42,58,43,64,59,45,74,54,56,58,49,40,47,41,51,57,61,80,43
Jamaica,Queens,neighborhood,10,10,14,8,11,8,8,6,13,5,5,6,6,3,12,9,11,5,12,11,9,6,4,13,3,4,5,9,6,6,6,13,5,6,6,12,4,8,4,4,8,6,6,5,9,8,8,7,5,12,5,4,7,10,7,12,4,13,3,6,6,2,2,11,4,8,8,12,13,11,14,9,11,4,13,3,7,10,6,7,8,10,11,8,10,8,3,12,9,10,4,11,6,7,11,11,4,5,5,8,2,10,6,8
Jamaica Estates,Queens,neighborhood,10,13,8,11,6,22,12,11,10,10,20,13,11,9,11,18,13,11,12,11,13,10,4,17,7,9,10,8,10,7,11,12,10,6,13,17,8,6,12,8,11,13,14,17,25,16,20,23,25,7,17,5,17,15,15,22,15,13,14,9,8,12,13,20,12,13,10,17,8,17,18,14,8,13,16,12,10,15,9,19,18,9,14,18,13,13,18,7,12,20,13,25,17,17,11,13,16,16,16,19,13,14,8,15
Jamaica Hills,Queens,neighborhood,5,4,8,11,10,6,3,7,12,7,4,5,6,5,7,5,7,10,5,7,6,8,5,4,4,4,6,5,3,6,6,9,5,6,8,8,3,6,4,8,4,7,6,9,9,6,5,8,7,4,4,9,7,6,11,12,3,6,7,8,7,18,3,6,8,14,10,9,11,7,8,11,4,6,7,14,7,4,13,8,11,7,8,10,11,9,12,3,10,9,9,15,8,7,6,7,10,8,8,12,11,4,11,11
Kensington,Brooklyn,neighborhood,17,13,14,14,15,27,11,9,14,8,14,13,21,14,15,13,17,13,11,11,17,13,17,15,14,10,15,7,14,17,24,22,17,14,14,20,22,22,17,12,25,23,27,32,29,18,22,31,22,10,12,13,19,24,26,18,27,16,8,25,14,17,17,18,20,25,20,31,22,11,18,23,16,14,23,10,14,20,24,20,25,22,17,27,11,12,25,17,17,15,20,17,26,19,28,21,11,18,17,13,22,23,18,32
Kew Gardens,Queens,neighborhood,20,17,10,20,12,36,18,14,15,22,11,14,6,18,21,16,12,15,14,23,15,16,17,15,13,17,12,13,18,16,4,17,15,21,19,25,17,23,19,22,23,17,26,24,14,27,26,28,23,17,21,16,22,20,23,20,27,26,18,46,15,26,27,16,34,29,30,20,29,24,18,8,15,26,30,22,24,21,25,33,24,44,22,31,19,23,21,26,24,19,15,20,23,20,17,15,20,16,22,19,19,20,19,20
Kew Gardens Hills,Queens,neighborhood,26,29,34,28,25,70,26,26,32,20,24,16,20,22,28,22,40,36,26,28,18,24,28,27,29,28,36,21,29,22,26,40,28,28,31,24,28,41,35,31,37,27,32,56,33,51,51,39,33,40,39,36,34,36,52,46,51,47,33,44,29,38,32,23,42,39,52,42,49,41,40,56,27,21,37,32,47,42,42,53,47,31,50,34,53,33,39,36,36,50,40,36,36,36,28,30,23,31,30,31,39,31,29,49
Kingsbridge,Bronx,neighborhood,1,1,8,3,3,5,5,4,8,3,3,4,1,5,5,2,5,4,6,6,4,6,4,5,6,2,1,3,6,5,2,5,5,7,8,3,2,3,7,6,7,6,9,8,4,11,9,3,5,2,3,3,4,9,7,3,5,8,8,8,4,4,14,8,9,10,8,6,12,14,15,9,5,7,4,9,1,8,5,7,12,10,10,6,3,8,5,10,8,10,13,14,11,13,8,9,10,2,11,4,8,9,11,13
Laconia,Bronx,neighborhood,3,7,8,7,6,10,8,7,6,7,3,6,6,1,8,2,6,3,4,6,6,2,9,8,6,3,4,2,4,9,6,2,6,4,8,11,4,8,8,11,5,6,7,5,11,11,5,4,4,11,7,8,5,9,8,11,9,5,8,12,5,5,12,10,3,16,11,12,6,6,4,9,6,5,9,11,7,7,14,12,9,7,5,11,4,9,10,15,7,11,14,11,9,14,9,6,3,11,12,9,7,12,14,11
Laurelton,Queens,neighborhood,8,13,19,17,16,24,16,15,21,8,16,24,12,8,16,17,7,20,9,10,19,11,21,11,9,17,18,12,17,15,15,14,15,12,19,10,8,13,17,7,9,10,12,14,11,22,20,16,11,11,14,12,11,12,12,8,19,17,16,14,14,25,9,15,15,19,15,15,14,16,15,17,16,16,26,20,19,21,16,24,21,20,15,27,13,21,21,23,23,17,16,26,23,20,20,24,19,13,25,19,20,29,24,21
Little Italy,Manhattan,neighborhood,0,0,1,1,2,1,0,0,1,1,0,0,0,0,0,5,0,3,2,0,0,1,1,1,2,1,1,0,2,0,1,0,5,0,4,8,2,0,0,4,2,2,3,0,1,2,5,3,2,0,1,1,2,0,3,0,3,0,0,3,0,0,0,0,1,1,1,0,0,0,0,1,1,1,2,0,4,5,1,1,2,0,0,1,1,0,3,1,0,1,1,2,1,0,2,2,1,0,1,3,2,0,0,0
Little Neck,Queens,neighborhood,14,16,10,13,14,44,8,17,19,13,7,9,7,15,22,15,13,19,14,16,16,15,13,12,11,13,15,17,17,16,8,16,19,13,21,26,18,12,12,16,17,20,26,20,22,14,20,18,18,15,13,10,12,25,16,21,23,17,18,22,13,12,21,11,17,15,17,14,24,16,14,21,19,10,15,17,23,12,17,29,13,15,16,27,25,23,15,13,18,24,20,24,19,21,30,12,16,14,7,17,15,21,20,25
Long Island City,Queens,neighborhood,22,27,27,34,25,31,24,14,31,25,22,21,10,14,20,14,25,29,23,31,21,17,17,26,16,23,9,24,29,27,14,29,19,38,24,28,8,13,15,22,30,22,23,25,31,48,23,17,15,30,29,22,16,17,30,12,19,19,11,16,11,14,14,14,15,26,23,17,17,28,10,16,16,16,25,12,18,16,23,37,21,23,14,17,7,7,16,21,15,16,13,39,43,36,28,20,35,42,36,15,21,28,19,14
Longwood,Bronx,neighborhood,1,2,1,0,3,3,1,0,2,0,1,3,0,1,1,0,0,0,2,1,2,4,5,2,0,0,1,1,0,3,0,2,0,0,3,1,4,1,0,1,4,1,2,1,0,1,0,3,2,0,3,2,1,3,1,2,1,2,3,2,1,4,1,4,3,2,1,3,2,1,4,1,3,1,3,1,2,2,2,1,5,1,1,3,2,3,2,1,3,5,4,3,4,1,1,3,0,3,3,1,3,4,2,1
Lower East Side,Manhattan,neighborhood,13,18,17,14,14,36,8,12,10,18,24,25,10,20,18,21,19,19,13,21,14,16,17,21,19,14,25,16,21,22,25,21,21,19,22,29,22,26,16,31,19,20,30,38,19,24,18,22,21,14,16,23,20,18,25,32,35,26,21,10,13,17,21,12,29,27,17,19,16,11,20,12,13,14,10,12,17,23,17,15,27,11,19,13,16,16,15,16,22,11,18,18,27,17,17,23,30,16,20,18,21,15,38,14
Manhattan,Manhattan,borough,1048,971,1121,1206,1116,1647,1167,1172,1007,910,855,1174,864,839,990,1034,1190,1401,1179,1240,989,917,820,985,908,849,985,1061,1261,1343,1352,1449,1123,1085,1042,1665,943,881,1017,1282,1477,1573,1751,1617,1316,1471,965,1361,1251,982,1068,1163,1244,1479,1569,1400,1256,1271,996,1241,975,1013,1049,1148,1142,1496,1567,1410,1345,1294,1065,1263,995,823,1239,1028,1180,1346,1132,1306,1145,966,942,1072,1123,984,1067,931,1267,1428,1118,1451,1072,1031,934,999,921,805,939,917,1068,1128,1060,1016
Manhattan Beach,Brooklyn,neighborhood,2,1,3,2,4,2,2,2,6,5,4,6,3,4,2,0,2,2,2,5,5,2,2,7,2,6,6,3,0,3,2,5,4,1,1,3,6,7,0,0,2,3,7,6,6,5,1,6,6,2,3,0,6,2,5,10,6,5,1,2,1,2,3,4,3,6,7,5,2,5,2,8,6,2,3,2,8,2,0,7,4,3,6,2,4,2,4,3,5,5,1,3,0,3,4,2,2,3,5,2,6,1,3,5
Manhattanville,Manhattan,neighborhood,0,0,0,0,1,0,0,0,0,1,0,0,0,0,0,0,0,0,0,0,0,0,0,0,0,0,0,0,1,0,0,0,0,0,0,0,0,0,0,1,1,0,0,0,0,0,0,0,0,0,1,0,0,2,0,0,0,1,0,0,0,0,0,0,0,1,0,0,0,0,0,0,0,0,0,0,0,1,0,0,0,0,0,0,0,0,0,0,1,0,0,0,1,1,0,0,1,0,0,0,0,1,0,1
Marble Hill,Manhattan,neighborhood,0,0,0,2,0,0,0,0,0,1,0,0,0,1,0,0,1,0,0,1,0,0,0,1,1,0,0,0,0,0,1,0,0,0,0,0,0,0,1,0,0,0,0,0,0,1,1,1,0,0,1,0,1,0,1,0,0,0,0,1,1,0,0,0,1,0,0,0,0,1,1,0,0,0,1,0,2,0,1,0,0,0,1,0,0,0,1,0,0,0,0,1,0,0,2,1,0,0,0,0,0,1,1,1
Marine Park,Brooklyn,neighborhood,14,10,12,10,16,24,8,5,14,10,13,13,7,7,7,11,8,17,10,12,7,8,9,16,7,7,13,14,12,12,12,22,10,5,11,15,12,15,7,15,14,17,15,22,16,14,10,15,12,13,13,13,14,10,18,12,14,11,14,13,8,15,17,11,12,15,17,20,16,17,16,23,11,14,15,15,14,25,10,25,25,13,14,13,15,14,13,14,19,15,12,19,11,15,25,16,12,7,15,12,13,9,9,16
Maspeth,Queens,neighborhood,30,22,30,21,20,41,25,16,20,21,20,30,19,21,24,19,30,28,33,25,28,23,24,20,17,26,28,20,25,21,32,32,23,26,25,36,22,25,16,22,33,26,30,35,32,34,26,31,28,21,31,24,30,32,41,33,38,40,27,30,24,26,25,22,23,31,39,31,28,33,32,30,20,21,27,19,22,30,26,28,27,32,22,30,23,20,36,25,34,24,21,34,28,34,24,34,32,25,25,14,17,33,21,30
Melrose,Bronx,neighborhood,3,3,2,0,0,1,0,1,1,1,0,1,2,1,0,1,1,1,0,0,1,0,0,0,0,0,0,1,0,0,0,1,2,0,0,4,1,0,1,0,0,1,1,1,0,0,0,1,1,0,0,0,0,0,1,5,0,1,0,0,0,3,1,0,1,0,2,1,0,3,1,2,0,3,1,0,0,1,1,0,2,4,2,1,1,1,0,2,0,1,2,1,1,0,2,1,0,2,4,2,2,4,0,1
Middle Village,Queens,neighborhood,17,16,13,13,12,27,8,12,16,14,9,11,10,6,11,9,8,16,13,17,8,9,9,16,12,12,15,13,12,16,14,18,11,21,15,12,11,8,13,11,18,22,21,12,18,15,12,11,11,15,10,18,15,8,15,19,19,22,19,18,20,7,11,13,14,21,22,21,18,14,22,20,13,6,21,14,15,13,20,18,15,16,8,21,18,23,9,9,20,15,12,11,13,16,17,24,17,8,12,15,11,22,19,13
Midtown,Manhattan,neighborhood,32,30,24,30,35,28,38,30,29,22,24,33,18,18,31,28,28,29,19,32,26,23,15,17,18,16,18,16,28,16,33,30,31,21,29,51,23,22,22,37,37,30,35,31,35,35,23,30,23,25,24,38,30,32,33,18,37,34,18,44,21,23,45,37,30,36,36,23,34,25,41,56,38,34,57,25,39,29,29,26,39,29,18,32,23,18,26,24,26,29,19,20,28,14,22,29,16,16,15,18,25,18,21,22
Midtown East,Manhattan,neighborhood,127,96,129,111,119,192,154,135,131,125,99,114,119,103,124,102,147,143,137,139,99,118,94,111,128,105,139,110,138,122,140,176,130,122,134,175,103,116,122,168,166,186,218,221,188,180,124,168,147,132,154,151,141,177,186,172,161,146,117,153,114,157,128,175,143,212,220,193,157,164,126,152,111,101,139,143,129,177,134,157,117,130,115,158,147,130,121,137,158,189,121,180,142,152,129,138,111,108,112,133,123,139,171,140
Midtown South,Manhattan,neighborhood,6,4,9,11,4,13,6,9,10,8,6,21,6,12,16,10,10,13,13,11,11,12,12,15,16,14,14,14,15,21,18,19,11,14,17,23,12,12,8,12,15,8,12,12,15,11,14,17,7,10,7,16,9,13,16,12,9,11,5,5,6,10,11,16,8,15,15,9,16,10,12,14,5,7,18,8,7,8,10,10,10,10,8,12,8,5,6,6,18,24,13,17,8,14,12,12,5,8,7,15,8,17,13,10
Midtown West,Manhattan,neighborhood,31,31,33,48,47,59,36,37,38,33,43,52,43,49,30,56,55,64,48,57,31,34,31,39,34,41,38,50,43,55,59,63,39,44,43,50,38,32,38,48,62,44,56,56,47,51,39,47,39,24,35,36,62,63,76,66,45,37,36,64,52,33,54,42,59,67,54,38,73,106,35,43,32,23,44,50,49,63,42,38,49,55,38,35,33,53,38,27,69,60,60,64,44,54,53,40,39,28,40,45,40,47,33,31
Midwood,Brooklyn,neighborhood,22,13,18,15,19,21,11,18,18,21,14,12,22,12,17,19,21,20,20,15,20,11,13,14,18,21,21,12,26,23,17,33,19,7,13,33,19,21,26,21,32,26,33,30,20,22,27,25,18,22,41,21,16,22,26,20,27,22,15,35,23,17,24,14,19,21,35,30,24,21,17,23,15,24,38,16,27,25,29,24,29,19,17,22,30,16,36,18,27,31,11,43,24,21,20,24,25,28,20,21,25,27,23,38
Mill Basin,Brooklyn,neighborhood,5,6,4,4,4,12,5,5,3,6,6,2,3,4,8,0,4,8,4,1,2,7,5,6,1,5,4,3,4,0,2,5,1,5,3,6,6,6,1,5,8,4,5,2,5,2,4,8,6,8,5,5,6,11,7,11,5,5,3,7,3,4,11,4,5,4,8,9,8,8,7,6,6,4,10,9,6,9,7,16,7,8,8,8,6,2,4,8,12,5,9,7,4,5,9,6,10,6,4,7,11,5,7,7
Morningside Heights,Manhattan,neighborhood,5,15,8,5,14,20,4,12,9,9,8,6,4,7,11,6,9,10,7,16,13,5,5,8,3,9,14,9,9,11,11,14,20,5,7,20,6,11,7,9,14,16,13,22,12,25,11,11,7,5,7,11,8,22,12,16,19,9,10,12,6,8,7,12,9,7,19,7,15,11,8,15,10,6,10,7,12,15,6,21,7,12,6,12,6,6,9,5,11,15,9,10,12,16,3,12,8,7,10,8,12,7,6,10
Morris Heights,Bronx,neighborhood,3,4,4,2,1,0,1,3,0,1,2,5,1,2,2,0,7,9,1,4,1,4,3,3,1,1,4,2,3,3,5,0,0,3,3,1,2,5,1,1,1,0,2,4,3,1,2,4,2,4,3,3,0,3,3,2,1,3,2,0,2,1,2,0,1,2,2,8,2,3,4,1,2,1,4,1,1,3,1,2,1,1,1,1,0,3,4,3,1,4,0,2,3,2,3,3,5,2,3,2,3,3,4,4
Morris Park,Bronx,neighborhood,9,6,18,10,6,28,8,6,5,9,8,6,7,8,6,9,11,16,7,8,12,13,2,8,14,10,7,10,8,9,9,10,6,6,7,21,10,10,9,10,10,7,9,12,9,10,7,13,8,5,10,14,13,7,18,17,15,19,12,14,14,10,8,10,11,10,8,20,19,7,17,14,15,9,16,14,13,21,10,18,20,25,15,18,14,16,16,13,15,25,16,17,24,16,12,18,14,15,14,13,20,8,11,20
Morrisania,Bronx,neighborhood,3,3,2,2,5,6,3,3,2,1,2,2,3,2,2,2,7,63,5,5,2,0,1,7,3,4,8,5,3,2,6,1,1,2,3,3,5,5,2,6,5,3,3,2,4,9,6,1,3,2,4,1,3,3,7,2,5,1,3,1,3,2,3,7,6,4,5,6,3,5,5,3,3,4,8,4,4,5,3,6,6,8,1,2,2,3,6,5,4,2,2,7,4,5,5,4,5,4,5,9,7,6,4,4
Mott Haven,Bronx,neighborhood,2,2,3,2,2,4,2,2,6,3,0,2,0,2,1,2,3,3,3,4,3,2,0,6,5,1,1,4,5,2,1,4,1,5,5,1,2,2,3,5,1,3,2,0,1,0,3,2,1,2,2,3,3,1,3,6,2,1,1,8,0,0,8,3,5,3,7,3,4,4,1,3,2,2,6,2,4,5,3,4,6,3,4,1,6,3,9,2,2,7,2,8,4,3,3,3,4,8,6,2,4,4,3,3
NYC,NYC,city,3417,3189,3905,3871,3547,6106,3600,3651,3655,3229,3302,3790,3111,3090,3685,3373,3729,4320,3648,3845,3292,3042,3065,3454,3032,3207,3451,3341,3906,4201,4000,4404,3609,3507,3346,4768,3473,3251,3543,3958,4539,4714,5175,5179,4501,5153,4063,4699,4160,3564,3960,3842,4221,4629,5073,4608,4599,4708,3876,4699,3526,3757,4126,3989,4053,5030,5266,4970,4719,4923,4142,4620,3456,3338,4556,3835,4279,4830,4170,5116,4790,4037,4133,4672,4317,3945,4557,3902,4663,5392,4384,5570,4461,4731,4189,4274,4030,3627,3940,3836,4402,4649,4321,3728
New Hyde Park,Queens,neighborhood,7,3,2,4,1,3,6,3,2,3,6,3,5,1,2,3,4,5,0,8,2,4,1,2,1,3,3,3,4,4,6,2,4,11,2,3,1,5,2,3,4,2,10,5,5,8,4,1,0,3,3,6,2,9,5,6,2,5,8,5,0,2,4,3,0,3,8,4,5,1,5,3,4,3,3,1,5,3,2,4,3,5,4,6,1,1,2,3,3,2,5,1,1,1,2,2,6,2,1,2,4,2,3,6
Nolita,Manhattan,neighborhood,3,2,3,3,3,4,1,3,0,0,0,4,0,2,0,0,2,2,1,1,2,0,0,2,0,0,1,0,2,7,2,2,3,0,1,5,1,1,1,0,2,3,16,9,1,4,1,1,4,1,2,0,2,2,4,2,1,1,1,2,4,0,6,6,3,1,0,9,4,3,1,6,2,3,2,0,1,1,0,1,2,1,1,1,1,2,4,0,1,1,1,0,2,2,0,2,2,0,2,1,3,16,4,3
North Brooklyn,Brooklyn,submarket,44,55,50,64,54,134,88,74,84,92,131,107,139,91,109,128,142,133,110,102,83,73,81,92,96,75,72,93,106,124,108,69,98,56,59,58,63,40,52,59,66,89,78,84,59,80,67,60,63,55,53,66,83,60,56,57,63,70,62,57,46,51,70,56,62,90,102,91,71,75,61,48,52,53,59,47,55,71,55,80,81,39,95,126,82,79,82,64,88,115,95,124,83,70,78,76,68,48,59,58,90,79,66,41
North Corona,Queens,neighborhood,14,11,18,17,11,18,12,12,16,5,8,5,5,9,10,20,21,22,16,15,7,12,14,14,17,25,10,11,15,12,11,12,6,9,10,13,12,13,11,13,17,16,21,11,17,17,15,20,16,13,16,19,11,12,14,14,17,18,14,18,13,12,11,15,11,15,15,10,17,23,16,24,11,13,22,13,14,19,12,12,19,15,13,14,17,13,19,15,17,20,10,12,12,10,17,12,14,9,11,17,12,7,15,14
Northeast Queens,Queens,submarket,349,293,379,404,352,717,334,346,363,310,350,359,288,319,399,321,349,423,375,428,351,357,311,354,327,340,383,333,368,378,365,415,382,389,383,493,410,367,362,398,486,517,593,586,569,585,494,497,471,396,429,346,390,443,518,520,573,542,427,571,374,392,387,360,423,484,523,500,538,537,450,448,348,330,459,383,448,467,399,590,527,513,487,535,487,441,486,424,472,574,493,584,489,554,469,458,428,372,368,383,430,474,459,455
Northwest Brooklyn,Brooklyn,submarket,115,119,160,141,126,246,128,142,152,122,130,152,137,138,175,167,173,230,147,184,118,103,94,92,83,105,121,137,164,227,169,186,109,125,157,172,139,126,129,155,156,172,200,216,164,141,125,132,123,91,97,115,146,140,155,126,129,143,92,134,130,106,119,123,118,154,160,130,129,116,99,140,96,91,108,83,146,197,157,189,151,126,88,125,162,169,182,127,134,202,150,159,114,122,109,107,127,104,99,96,149,156,122,112
Northwest Queens,Queens,submarket,71,67,81,97,66,106,78,59,89,72,63,84,60,51,78,54,93,100,70,75,65,52,70,79,63,84,65,91,85,102,75,82,71,89,85,106,70,70,58,96,111,77,90,83,106,119,106,87,78,84,80,81,84,63,105,93,93,89,81,100,75,67,79,87,70,99,99,90,80,113,71,79,68,66,95,70,87,72,69,110,80,75,84,105,76,54,81,77,80,72,66,105,100,109,74,91,92,107,83,61,84,89,73,56
Norwood,Bronx,neighborhood,4,1,3,1,3,7,2,6,4,2,2,0,1,3,4,5,3,1,2,0,0,2,1,3,1,5,1,1,2,3,3,0,2,2,2,1,2,4,2,3,2,7,3,2,3,6,4,3,2,3,2,6,3,2,3,2,3,5,3,2,1,2,1,5,1,2,4,4,2,5,5,2,2,7,3,0,2,5,4,7,5,4,3,3,5,2,6,4,2,3,3,4,2,3,11,5,2,3,3,1,1,2,4,4
Oakland Gardens,Queens,neighborhood,32,21,30,23,30,48,30,42,23,30,23,24,27,24,29,27,28,28,19,47,28,29,29,21,23,34,32,16,27,34,36,26,29,29,26,33,30,32,31,25,45,28,43,57,52,52,43,40,38,29,39,32,26,41,35,49,41,46,32,40,28,35,22,26,27,42,37,41,51,44,42,41,20,29,40,35,37,40,33,37,49,28,29,35,34,29,28,29,26,47,30,36,40,39,30,33,39,23,33,33,32,41,38,42
Ocean Parkway,Brooklyn,neighborhood,10,17,16,6,6,22,9,10,10,11,11,10,9,10,14,7,15,12,13,11,17,7,11,16,14,17,10,13,12,18,9,16,13,12,12,20,10,14,17,14,22,11,16,23,13,16,10,17,18,14,16,11,17,13,16,18,26,10,7,19,17,12,12,10,12,22,16,21,19,19,20,17,13,12,19,15,14,17,14,15,22,9,19,21,16,9,15,13,26,27,21,21,20,13,20,8,15,16,14,9,18,23,12,15
Old Mill Basin,Brooklyn,neighborhood,1,2,1,1,2,5,0,1,2,1,0,0,3,0,3,6,0,1,1,5,1,3,1,1,0,1,2,2,4,2,4,1,1,0,4,3,2,1,3,2,2,3,2,1,1,4,3,0,2,0,4,1,2,1,3,2,3,3,1,3,3,3,2,3,0,1,4,1,4,1,4,4,6,1,2,1,1,4,1,3,5,0,7,1,0,0,1,5,6,3,3,7,7,4,2,2,1,3,4,1,0,2,3,3
Ozone Park,Queens,neighborhood,6,5,6,9,10,11,2,11,18,9,12,5,8,9,4,6,7,13,8,10,14,11,11,9,7,5,8,3,9,9,6,8,5,9,7,14,7,7,10,10,7,8,14,16,8,17,13,9,8,9,6,15,10,10,16,13,11,9,5,18,13,10,11,12,9,9,19,9,15,15,14,16,13,9,16,11,7,14,10,19,7,10,13,14,14,10,22,10,18,11,14,19,12,18,16,8,12,13,13,14,8,17,14,12
Park Slope,Brooklyn,neighborhood,39,53,54,49,39,94,57,58,54,51,43,41,47,36,55,42,44,88,79,58,42,38,38,42,38,42,46,41,56,69,65,56,79,40,42,74,59,40,48,51,57,81,87,76,65,62,45,58,57,41,59,48,48,55,75,55,54,38,48,42,48,44,30,41,49,72,64,68,50,50,40,48,43,28,39,49,39,61,56,60,39,38,34,46,46,46,42,36,43,97,73,79,61,50,47,52,60,38,35,44,56,54,60,76
Parkchester,Bronx,neighborhood,20,14,12,18,21,26,9,12,18,11,16,18,11,10,13,15,14,25,19,16,12,9,6,15,9,16,24,17,16,19,24,13,14,23,13,9,19,19,12,17,13,21,26,23,27,21,16,17,11,12,17,17,19,27,22,15,20,31,19,20,16,18,18,16,23,27,27,27,19,16,23,30,19,11,22,32,32,33,25,19,30,13,23,21,17,17,27,18,35,26,25,34,29,31,34,18,28,27,33,28,38,30,48,35
Pelham Bay,Bronx,neighborhood,1,2,4,1,4,5,2,4,7,4,3,7,2,3,6,3,4,7,2,6,3,5,6,3,5,4,2,4,5,5,2,11,2,5,3,4,5,5,5,5,5,3,3,9,4,6,9,6,3,2,6,11,5,3,8,4,5,8,5,7,2,1,4,5,6,5,2,3,12,5,5,9,2,6,11,6,2,3,7,5,8,6,5,4,3,4,3,4,5,7,7,6,7,8,4,3,6,3,7,9,5,6,9,10
Pelham Gardens,Bronx,neighborhood,7,4,4,4,4,5,7,7,3,6,4,5,3,8,4,6,7,7,11,7,5,5,7,11,3,10,7,3,10,9,8,3,6,8,8,7,2,6,7,7,6,9,5,5,13,6,12,10,3,5,6,7,3,8,12,9,10,14,6,10,4,3,3,6,6,6,10,8,12,7,9,7,8,4,7,5,8,5,13,10,11,10,5,8,7,14,10,11,6,9,14,9,4,9,9,8,10,9,8,6,9,9,10,10
Pelham Parkway,Bronx,neighborhood,0,0,0,0,0,0,0,0,0,0,0,0,0,0,0,0,0,0,0,0,0,0,0,0,0,0,0,0,0,0,0,0,0,0,0,0,0,0,0,0,0,0,0,0,0,0,0,0,0,0,0,0,0,0,0,0,0,0,0,0,0,0,0,0,0,0,0,0,0,0,0,0,0,0,0,0,0,0,0,0,0,0,0,0,0,0,0,0,0,0,0,0,0,0,0,0,0,0,0,0,0,0,0,0
Pomonok,Queens,neighborhood,8,0,5,4,5,5,7,6,5,1,3,6,3,0,9,5,4,3,9,4,2,7,3,3,5,4,4,2,1,8,6,1,6,4,5,3,4,8,9,4,4,8,10,7,8,9,5,9,5,5,9,4,6,13,10,7,7,6,8,5,11,3,10,7,6,5,3,5,5,11,3,4,4,2,5,6,6,6,5,6,9,6,7,11,6,2,8,5,2,5,7,14,6,7,5,4,1,1,2,3,5,6,21,11
Port Morris,Bronx,neighborhood,0,0,1,1,0,0,0,0,0,1,0,1,0,0,0,0,0,0,0,0,0,0,0,0,0,0,0,1,1,1,0,1,0,0,0,0,0,0,1,0,1,0,0,0,0,1,0,0,0,0,0,0,1,0,0,0,0,0,1,0,1,0,0,1,0,0,0,0,0,0,0,0,2,0,0,0,3,1,0,0,0,1,0,3,0,0,0,0,1,0,0,0,0,1,0,1,0,0,0,0,0,0,0,0
Prospect Heights,Brooklyn,neighborhood,15,9,13,29,25,33,20,16,15,17,5,11,21,15,13,14,10,19,15,20,20,12,11,15,19,14,11,16,16,22,18,29,14,25,18,17,20,16,18,21,15,31,24,28,27,24,11,18,16,19,16,11,18,18,16,21,22,17,19,18,17,18,25,11,14,19,18,20,11,16,15,12,11,12,17,9,16,27,13,20,19,19,17,12,20,19,19,31,34,51,31,46,26,34,24,26,22,15,19,18,15,30,30,21
Prospect Lefferts Gardens,Brooklyn,neighborhood,7,1,7,6,6,6,10,6,6,7,5,7,6,9,6,4,3,15,8,13,5,11,7,5,2,7,5,6,14,13,6,12,7,6,6,7,5,7,4,10,18,14,15,13,8,10,7,10,20,15,9,11,23,13,18,12,18,6,8,12,6,7,10,13,16,11,15,18,12,7,5,8,2,7,7,10,9,11,6,13,14,3,12,14,10,7,12,8,1,10,8,11,6,11,13,7,8,11,8,5,11,10,6,17
Prospect Park,Brooklyn,submarket,71,76,85,92,81,164,99,93,90,84,60,72,82,73,85,69,68,141,122,110,81,64,66,68,65,79,70,72,95,119,112,118,112,82,78,115,94,76,85,102,105,153,150,139,109,112,88,103,108,91,92,84,102,98,131,106,117,74,93,90,85,84,83,76,95,118,115,119,85,86,80,80,66,60,79,81,71,117,90,108,90,68,72,81,86,86,85,83,94,182,123,161,107,106,91,99,102,83,76,81,90,113,110,140
Prospect Park South,Brooklyn,neighborhood,0,2,2,1,3,6,1,2,1,2,1,0,2,3,2,2,2,4,2,3,0,1,1,1,1,6,2,1,1,2,3,2,3,2,1,2,5,0,2,7,5,9,6,4,5,1,4,5,2,4,2,8,3,2,6,4,2,3,4,6,4,4,6,4,3,1,3,2,2,3,6,3,0,1,3,3,2,6,4,3,4,3,1,1,4,1,2,1,5,7,1,3,3,1,3,3,2,6,1,5,2,7,3,16
Queens,Queens,borough,1072,987,1302,1291,1091,1933,1104,1087,1203,1019,1091,1110,905,895,1188,976,1116,1228,1080,1165,1038,986,1019,1131,939,1049,1088,1017,1110,1156,1038,1213,1046,1097,1020,1334,1067,1018,1050,1129,1302,1301,1473,1511,1452,1639,1388,1421,1289,1107,1255,1104,1209,1298,1491,1433,1487,1538,1309,1529,1103,1181,1275,1213,1206,1473,1611,1499,1470,1606,1329,1408,1063,1049,1435,1158,1308,1369,1203,1618,1478,1346,1378,1533,1344,1224,1454,1208,1451,1589,1327,1713,1414,1599,1345,1352,1304,1226,1236,1245,1337,1466,1353,1223
Queens Village,Queens,neighborhood,24,27,31,30,23,44,30,31,26,25,36,29,17,14,22,18,13,29,25,27,25,21,28,37,26,35,22,25,35,27,23,30,26,22,18,35,13,19,24,35,28,27,33,27,21,27,33,39,20,20,31,37,26,24,36,23,29,34,43,27,30,40,27,33,33,31,45,44,37,43,31,43,17,29,38,38,27,34,29,43,32,38,35,45,28,41,45,29,40,43,35,50,38,35,31,31,35,19,34,28,36,39,51,37
Queensboro Hill,Queens,neighborhood,0,0,0,0,0,0,0,0,0,0,0,0,0,0,0,0,0,0,0,0,0,0,0,0,0,0,0,0,0,0,0,0,0,0,0,0,0,0,0,0,0,0,0,0,0,0,0,0,0,0,0,0,0,0,0,0,0,0,0,0,0,0,0,0,0,0,0,0,0,0,0,0,0,0,0,0,0,0,0,0,0,0,0,0,0,0,0,0,0,0,0,0,0,0,0,0,0,0,0,0,0,0,0,0
Red Hook,Brooklyn,neighborhood,2,2,2,1,0,4,1,0,35,0,2,6,1,0,1,0,1,0,1,3,1,2,2,0,1,4,1,7,4,5,1,2,3,3,3,1,1,0,0,2,3,1,5,3,1,10,1,2,2,2,3,1,2,2,3,0,2,3,3,1,4,1,2,0,3,1,2,0,1,1,0,0,0,1,2,0,2,5,1,3,0,2,1,4,1,5,3,3,1,2,8,9,5,5,3,1,4,1,3,2,6,2,1,1
Rego Park,Queens,neighborhood,31,22,44,39,25,48,28,17,19,25,33,24,17,24,30,21,25,34,26,36,36,17,29,30,18,21,25,21,30,23,23,31,36,27,25,26,21,34,27,32,33,33,48,38,38,55,54,66,49,44,42,35,40,42,35,35,49,43,36,40,32,37,46,32,34,40,49,45,26,49,37,33,25,32,46,25,37,35,36,36,49,31,39,40,38,38,37,27,35,46,24,47,37,40,32,31,22,44,38,27,26,39,20,34
Richmond Hill,Queens,neighborhood,8,10,22,19,12,19,23,24,23,20,21,16,14,13,23,11,21,15,13,25,9,12,13,17,6,14,13,16,13,28,16,16,15,13,11,17,15,5,17,18,9,23,23,19,12,19,17,24,14,12,13,13,21,19,17,18,26,28,19,26,13,19,22,21,16,23,24,19,20,26,26,20,23,13,22,16,16,17,16,22,24,22,22,23,16,17,19,22,27,22,18,28,16,22,15,20,25,23,18,20,25,23,25,14
Ridgewood,Queens,neighborhood,13,21,22,12,9,16,10,13,16,15,6,18,18,7,14,13,19,17,22,20,9,14,20,15,14,15,13,15,18,15,9,15,13,15,13,16,9,17,20,14,18,20,24,23,20,33,20,25,22,29,21,14,20,14,16,19,26,27,19,26,17,15,24,22,13,27,23,18,25,29,22,23,14,19,17,16,25,25,10,13,11,12,16,16,14,11,15,12,10,19,11,17,16,19,9,25,15,13,17,17,20,20,10,13
Riverdale,Bronx,neighborhood,39,34,38,38,41,94,22,33,32,27,35,38,28,38,32,33,31,26,29,23,36,24,26,26,29,38,28,22,36,38,35,52,26,37,35,47,30,38,29,33,31,41,59,43,38,56,48,51,33,38,44,35,46,60,52,50,44,61,44,47,44,25,45,34,46,64,59,63,59,53,48,52,35,37,53,47,58,67,61,60,53,56,40,46,48,44,42,38,55,75,46,69,42,77,54,44,55,44,43,52,47,67,50,55
Rockaway All,Queens,neighborhood,43,39,55,60,51,73,51,49,53,31,39,54,33,43,47,24,53,53,58,55,44,43,42,63,33,33,31,39,45,44,43,49,28,35,7,27,20,23,38,36,32,45,40,54,46,61,34,60,47,22,45,45,54,45,66,61,54,60,63,51,48,42,55,46,49,71,70,74,61,57,56,58,55,47,58,56,66,49,47,74,61,49,54,51,47,43,62,37,68,65,46,69,52,51,54,60,48,52,36,52,56,67,65,32
Roosevelt Island,Manhattan,neighborhood,5,3,8,8,6,3,4,2,1,1,1,2,0,1,3,3,3,3,1,3,4,0,2,5,3,2,4,4,5,4,7,4,4,5,6,1,5,3,2,2,3,3,1,1,1,2,1,3,2,0,0,1,3,3,4,5,1,1,4,6,0,3,5,0,4,2,42,98,50,29,13,5,3,1,10,6,3,3,3,3,2,4,5,5,4,4,8,6,3,6,6,4,0,5,1,2,2,1,1,0,3,1,2,0
Rosedale,Queens,neighborhood,4,12,19,16,10,15,12,11,9,8,16,10,9,9,15,7,12,12,14,13,12,15,12,19,6,5,22,10,8,18,9,11,12,13,8,17,14,13,8,14,13,10,18,18,11,12,12,9,12,13,8,10,11,7,10,17,9,12,14,7,12,10,12,11,14,15,22,18,14,9,11,17,12,18,12,12,11,18,16,20,11,15,14,18,12,10,24,14,18,21,12,22,15,13,13,14,14,15,13,15,15,15,22,18
Schuylerville,Bronx,neighborhood,5,7,10,1,2,7,3,5,4,3,1,2,8,3,4,2,4,2,4,1,4,5,1,8,9,5,5,1,3,0,10,6,10,4,9,11,3,2,3,5,8,4,9,8,8,2,7,5,7,6,4,1,5,10,4,6,2,6,3,14,2,10,4,9,9,11,11,6,8,8,10,5,7,5,7,8,10,9,4,11,10,8,8,9,4,9,12,6,6,9,6,5,12,9,5,8,5,11,5,1,8,7,7,3
Seagate,Brooklyn,neighborhood,2,1,1,1,0,3,1,3,2,1,4,2,1,1,2,3,1,1,4,2,1,2,4,5,2,0,2,2,1,1,3,2,3,2,0,1,0,0,2,0,1,1,0,3,2,1,2,3,4,1,2,1,2,4,4,3,1,3,5,3,2,3,5,3,1,5,3,3,5,3,4,3,1,1,6,1,1,4,4,2,4,2,4,0,5,4,2,4,3,3,5,1,5,2,2,6,6,3,2,0,3,2,5,2
Sheepshead Bay,Brooklyn,neighborhood,43,46,54,57,40,101,56,57,50,51,43,74,46,57,66,37,47,63,48,57,49,47,45,41,53,55,52,39,58,49,59,56,57,53,48,80,70,49,57,62,63,49,68,76,68,78,62,78,52,59,69,64,81,84,86,70,70,71,64,80,68,56,64,76,56,91,85,79,59,67,73,84,67,64,79,57,78,70,52,95,79,83,76,67,61,65,87,70,75,73,69,95,69,81,67,70,58,53,67,65,82,96,61,50
Soho,Manhattan,neighborhood,18,20,19,17,12,25,17,18,20,13,9,18,15,14,24,17,14,21,19,21,15,10,12,15,16,16,12,13,16,18,10,16,6,13,19,36,14,11,23,23,17,18,19,17,15,14,10,19,23,7,9,15,15,15,15,22,22,17,8,13,14,11,12,12,20,15,10,15,15,17,9,8,10,25,22,11,20,28,33,27,19,15,7,21,22,13,37,17,19,37,23,28,19,14,13,8,16,17,14,11,14,15,11,22
Soundview,Bronx,neighborhood,21,15,16,19,29,38,32,21,36,14,20,12,11,14,27,13,13,21,21,17,16,22,15,11,10,14,18,15,19,12,12,16,11,9,11,12,13,17,15,16,17,15,16,23,22,19,11,13,10,16,20,16,14,14,21,13,20,19,16,26,14,18,24,11,19,21,15,16,16,26,24,18,22,22,27,35,31,26,24,26,24,22,24,33,19,32,21,36,34,32,23,27,31,35,28,23,28,25,37,15,27,18,38,16
South Brooklyn,Brooklyn,submarket,418,395,458,412,369,716,371,398,397,389,413,466,366,379,452,361,394,445,428,410,411,366,403,425,376,386,447,353,431,472,434,524,415,350,373,570,437,381,442,404,526,509,556,635,476,631,474,594,523,471,531,474,511,544,582,519,570,553,486,613,481,502,550,485,471,611,617,624,575,591,522,551,469,438,585,445,532,571,479,611,628,495,531,579,511,440,572,497,542,589,518,635,549,516,545,543,477,447,497,478,543,589,494,484
South Jamaica,Queens,neighborhood,56,70,95,86,58,106,87,84,88,66,53,61,49,41,60,58,57,53,52,50,44,44,37,55,50,45,72,45,55,58,37,53,36,47,40,48,55,48,48,57,55,46,47,56,50,60,45,59,46,37,57,46,52,51,59,48,61,49,57,57,42,44,58,74,47,55,58,54,64,67,50,58,33,39,62,55,74,55,53,62,57,53,60,71,45,51,64,59,77,65,73,76,79,77,66,72,61,67,70,81,81,71,66,64
South Ozone Park,Queens,neighborhood,17,11,30,29,18,24,29,19,24,25,18,14,11,16,23,28,29,16,25,19,21,9,16,23,16,16,19,11,8,23,21,20,20,13,16,17,27,13,16,16,15,14,24,22,23,25,18,15,31,15,21,10,22,25,16,18,15,16,25,25,12,18,18,13,20,29,27,19,26,28,15,30,20,19,17,17,15,18,29,29,20,24,23,30,24,15,26,29,39,31,23,30,20,31,30,24,21,16,27,21,31,23,26,12
South Queens,Queens,submarket,306,301,428,412,352,503,402,396,419,341,363,344,274,250,375,322,319,340,317,320,320,289,315,345,274,298,350,299,323,358,282,351,281,277,269,363,289,285,305,328,332,342,364,395,339,396,374,374,310,264,342,310,335,377,401,372,362,381,379,386,294,362,376,383,353,401,433,412,407,462,401,433,300,313,433,358,388,407,373,470,429,399,399,480,379,376,468,399,464,481,416,555,453,523,424,405,430,387,433,446,463,465,447,379
South Richmond Hill,Queens,neighborhood,12,9,16,17,27,22,13,14,19,29,29,23,14,11,25,20,24,22,11,20,20,16,20,16,18,12,23,22,15,17,21,16,13,8,15,18,24,16,16,20,15,22,17,30,15,25,27,15,8,13,18,18,18,22,28,21,20,24,13,28,17,19,24,16,16,17,24,24,17,23,26,19,17,18,19,17,21,24,26,27,26,25,26,19,17,17,24,25,26,31,26,25,22,30,26,27,35,24,24,31,30,22,20,19
Springfield Gardens,Queens,neighborhood,24,19,16,23,24,28,32,41,21,12,15,19,14,11,32,19,18,25,17,14,14,18,21,10,19,15,16,14,21,19,11,19,6,14,18,20,26,19,16,18,22,23,25,19,25,28,16,21,20,12,25,13,17,22,35,25,13,18,25,30,15,20,18,27,23,14,22,19,32,34,29,25,14,23,21,20,27,33,19,33,26,20,28,31,35,23,30,26,19,30,24,28,30,26,32,23,26,21,26,31,37,22,23,17
St. Albans,Queens,neighborhood,41,37,48,37,41,54,47,48,51,45,41,42,35,32,31,37,31,40,31,34,34,33,45,36,29,53,35,48,42,44,41,45,32,34,25,39,36,38,40,33,40,58,33,52,34,51,46,39,28,28,37,42,38,46,38,45,50,48,38,42,38,38,41,39,33,57,54,38,44,65,35,40,25,31,58,37,42,46,40,50,43,45,43,55,41,45,53,40,45,64,41,42,51,68,42,42,49,46,63,55,54,47,47,43
Staten Island,Staten Island,borough,270,215,293,248,298,556,223,269,275,269,281,301,256,236,241,225,221,259,185,198,155,157,207,182,209,238,241,221,265,307,280,347,268,256,212,303,282,285,271,294,349,321,331,398,398,394,370,410,342,288,307,315,344,396,410,409,378,417,335,390,283,312,381,349,363,436,447,470,470,540,407,422,255,391,393,399,363,500,482,599,556,438,471,499,453,419,456,422,453,548,481,619,514,599,463,507,448,378,410,426,470,475,460,155
Stuyvesant Town/PCV,Manhattan,neighborhood,0,0,0,0,0,0,0,0,0,0,0,0,0,0,0,0,0,0,0,0,0,0,0,0,0,0,0,0,0,0,0,0,0,0,0,0,0,0,0,0,0,0,0,0,0,0,0,0,0,0,0,0,0,0,0,0,0,0,0,0,0,0,0,0,0,0,0,0,0,0,0,0,0,0,0,0,0,0,0,0,0,0,0,0,0,0,0,0,0,0,0,0,0,0,0,0,0,0,0,0,0,0,0,0
Sunnyside,Queens,neighborhood,18,14,7,14,9,28,12,9,11,7,7,16,10,12,15,9,13,17,19,11,8,7,11,13,9,12,9,13,12,14,14,10,16,13,19,15,8,14,12,30,20,16,14,19,26,28,19,18,21,19,10,14,15,10,29,26,16,20,17,24,21,19,21,24,14,24,29,24,18,23,20,16,13,13,24,17,15,18,13,23,21,16,23,16,16,10,23,17,18,16,18,18,13,17,9,18,14,17,11,15,12,16,15,10
Sunset Park,Brooklyn,neighborhood,22,23,38,23,27,44,19,14,18,24,25,23,20,17,29,25,19,21,34,29,28,13,37,28,21,21,28,17,31,35,23,29,9,31,25,37,16,22,29,22,36,36,30,38,29,32,30,61,33,26,17,29,23,28,32,20,24,23,27,25,24,23,24,22,24,36,29,13,25,28,20,23,30,20,22,15,24,25,20,24,30,17,19,30,26,20,24,25,18,25,13,15,20,16,18,18,14,17,18,23,23,18,20,12
The Rockaways,Queens,submarket,43,39,55,60,51,73,51,49,53,31,39,54,33,43,47,24,53,53,58,55,44,43,42,63,33,33,31,39,45,44,43,49,28,35,7,27,20,23,38,36,32,45,40,54,46,61,34,60,47,22,45,45,54,45,66,61,54,60,63,51,48,42,55,46,49,71,70,74,61,57,56,58,55,47,58,56,66,49,47,74,61,49,54,51,47,43,62,37,68,65,46,69,52,51,54,60,48,52,36,52,56,67,65,32
Throgs Neck,Bronx,neighborhood,24,16,13,12,11,23,15,5,23,13,13,14,16,11,17,8,14,13,23,16,10,16,10,23,9,21,14,9,14,19,9,19,15,15,17,18,18,17,17,16,22,11,19,12,20,25,17,28,7,9,13,12,13,22,20,20,21,21,22,24,12,12,11,19,25,20,25,29,22,18,19,31,12,22,27,21,22,22,20,20,30,26,18,33,23,18,21,25,25,27,23,26,35,27,35,32,27,20,21,19,27,28,20,19
Tremont,Bronx,neighborhood,3,2,0,4,1,3,1,2,0,0,0,0,1,2,1,2,1,2,1,0,0,1,1,3,0,1,2,2,2,1,1,3,2,2,2,3,0,5,2,1,1,2,3,3,1,3,4,2,1,2,2,2,1,2,4,1,3,2,4,3,3,3,6,2,1,4,2,0,1,4,2,2,1,1,3,3,4,3,9,4,3,5,6,10,1,7,6,6,8,3,6,6,4,9,4,1,5,3,6,4,6,1,9,2
Tribeca,Manhattan,neighborhood,21,32,37,34,36,57,44,38,17,25,18,26,19,19,20,23,27,36,27,38,25,19,14,25,8,16,36,41,30,38,42,77,29,26,21,42,21,25,62,64,31,45,42,36,25,31,23,29,60,25,26,29,22,34,29,25,27,23,37,41,40,17,15,18,23,37,31,23,30,21,15,25,42,28,37,13,43,50,45,49,57,37,50,44,79,41,57,49,52,57,39,35,25,18,30,25,20,24,14,22,23,33,48,27
University Heights,Bronx,neighborhood,3,8,2,4,3,4,3,7,5,2,4,4,3,3,4,3,1,4,1,6,6,4,1,3,1,6,5,1,5,10,2,3,4,2,5,5,9,3,4,4,6,2,5,7,9,7,7,6,2,7,4,3,1,2,6,6,5,9,5,3,4,4,5,6,4,8,4,2,7,1,3,10,3,7,5,4,3,10,10,6,7,7,4,6,8,2,7,11,7,5,3,10,11,7,9,7,6,5,6,6,10,8,11,9
Upper East Side,Manhattan,neighborhood,218,241,233,259,229,328,258,255,218,180,164,267,175,174,190,230,256,309,237,251,189,190,159,182,188,186,184,213,275,300,265,275,236,262,249,427,213,178,225,259,303,407,370,364,263,354,208,292,289,227,231,247,258,315,355,299,222,285,199,238,193,186,229,223,245,319,318,284,251,251,217,285,220,185,249,223,220,253,234,261,241,181,158,173,219,196,216,178,300,297,250,328,213,222,190,204,195,163,189,169,227,246,213,213
Upper West Side,Manhattan,neighborhood,211,189,244,230,226,300,209,235,167,203,179,254,160,149,157,169,200,280,250,244,180,169,165,175,170,146,173,172,234,267,275,281,205,201,171,291,153,167,154,188,245,248,320,277,197,259,156,241,218,192,186,194,216,252,273,241,218,213,146,209,175,168,168,198,186,264,249,257,237,236,226,217,170,123,160,135,183,216,179,224,180,161,154,175,188,144,159,130,175,215,188,244,211,200,173,158,166,146,169,171,200,214,177,166
Utopia,Queens,neighborhood,2,4,7,3,0,1,0,0,3,3,2,1,1,0,3,5,0,4,1,5,0,1,2,1,1,0,2,2,2,3,1,0,0,3,1,4,3,2,5,2,2,4,3,4,2,5,3,2,0,2,0,2,1,2,4,4,6,3,2,6,1,1,3,2,2,0,4,3,2,3,2,3,1,1,1,1,2,9,4,1,1,1,3,0,1,3,2,1,3,5,1,1,2,3,2,3,3,1,3,1,2,1,1,3
Van Nest,Bronx,neighborhood,1,6,5,0,5,7,2,6,7,3,3,3,4,5,4,4,3,7,0,4,2,4,1,7,4,1,4,5,9,5,9,8,1,4,1,1,3,2,5,2,4,3,3,10,8,8,8,11,7,4,1,3,10,9,9,5,8,9,8,7,6,7,11,6,6,6,11,5,2,5,2,14,5,4,13,8,5,7,9,6,6,11,11,7,5,3,6,11,4,14,5,9,10,6,5,6,10,6,6,9,9,12,6,11
Wakefield,Bronx,neighborhood,12,3,15,12,12,18,16,8,6,8,4,14,7,8,22,11,14,13,14,14,9,18,10,10,7,12,10,13,13,12,10,5,10,14,9,9,7,7,15,12,14,15,11,12,14,17,16,19,10,12,15,13,20,16,12,15,11,6,11,18,11,12,17,24,10,21,16,17,17,15,7,18,14,12,12,26,24,23,16,15,18,26,22,24,16,16,24,22,18,22,13,24,20,21,22,15,18,26,27,23,22,17,28,10
Washington Heights,Manhattan,neighborhood,22,15,23,22,23,41,15,32,17,12,19,22,22,11,16,19,12,22,26,23,19,12,19,9,15,17,18,15,26,26,32,33,23,22,19,25,19,25,26,23,27,43,40,35,40,33,24,35,33,21,30,29,26,33,38,65,52,36,36,33,28,28,24,36,37,47,29,31,28,30,23,50,18,24,25,25,21,40,32,35,30,24,26,26,31,24,30,18,28,37,20,29,26,29,14,21,25,27,30,20,31,32,17,24
West Harlem,Manhattan,neighborhood,0,1,2,1,1,2,0,1,2,0,1,0,0,0,1,0,1,0,2,0,2,0,0,3,3,2,1,0,1,0,3,0,1,0,1,1,1,0,4,0,10,3,1,3,1,3,0,10,1,0,2,0,2,2,1,0,0,0,1,1,0,0,0,0,0,1,1,1,0,1,1,2,3,0,0,1,3,4,1,0,1,2,2,1,0,1,0,2,1,1,10,1,3,1,1,2,5,0,2,0,1,1,1,0
West Village,Manhattan,neighborhood,42,30,38,40,29,35,36,30,42,25,25,44,22,23,31,35,30,46,29,39,33,24,21,20,28,19,34,33,38,40,41,44,35,27,34,48,22,23,21,31,35,34,56,44,45,50,28,35,34,29,34,33,28,40,43,27,40,40,24,37,30,33,27,35,29,36,42,41,39,34,36,37,40,21,34,24,24,45,38,33,23,36,16,29,26,30,27,24,32,38,25,33,29,34,22,28,43,19,44,40,36,39,41,29
Westchester Village,Bronx,neighborhood,6,1,4,2,4,7,4,3,4,3,3,1,5,5,5,3,6,7,5,3,4,3,4,5,2,4,1,6,5,6,6,5,4,3,5,3,2,2,4,5,3,2,3,1,4,11,6,5,5,2,4,6,4,5,5,5,4,8,4,5,5,5,4,8,5,8,8,4,6,5,9,4,5,2,6,3,2,7,3,4,2,7,5,7,4,4,10,9,10,5,4,8,6,9,2,12,8,3,4,6,6,10,1,5
Whitestone,Queens,neighborhood,13,13,30,32,20,49,19,12,19,17,25,23,14,17,13,12,19,37,20,26,17,18,19,16,22,24,20,19,25,17,15,21,25,24,16,34,18,23,18,27,25,34,34,39,27,28,29,36,33,27,24,28,18,28,42,34,29,30,31,49,32,29,26,22,24,27,32,37,38,30,23,27,28,24,31,24,29,26,20,47,28,24,32,27,25,32,25,36,33,40,40,42,29,26,34,45,27,29,21,28,36,27,27,28
Williamsbridge,Bronx,neighborhood,12,11,9,16,9,15,14,15,7,9,7,8,6,10,8,7,11,11,8,5,13,15,16,11,3,7,6,10,14,10,8,12,13,6,7,15,11,4,11,11,10,8,15,10,15,24,12,20,10,13,15,12,16,15,22,12,11,18,13,16,12,15,15,13,8,11,16,19,15,19,13,23,13,20,22,13,15,26,11,17,20,18,11,27,19,13,28,20,19,22,12,25,22,21,28,19,18,12,18,20,16,24,25,20
Williamsburg,Brooklyn,neighborhood,41,45,41,47,42,100,75,63,70,81,117,78,105,69,82,107,117,109,86,88,63,57,68,76,83,54,55,83,83,99,89,57,77,44,45,45,50,29,43,47,52,70,66,58,42,66,48,44,54,41,40,52,53,48,44,38,53,50,48,48,36,38,55,41,43,75,84,78,59,61,39,34,42,45,49,41,51,59,44,68,64,34,87,114,67,54,65,53,66,97,74,88,61,51,58,56,53,32,51,43,68,65,50,33
Windsor Terrace,Brooklyn,neighborhood,10,11,9,7,8,25,11,11,14,7,6,13,6,10,9,7,9,15,18,16,14,2,9,5,5,10,6,8,8,13,20,19,9,9,11,15,5,13,13,13,10,18,18,18,4,15,21,12,13,12,6,6,10,10,16,14,21,10,14,12,10,11,12,7,13,15,15,11,10,10,14,9,10,12,13,10,5,12,11,12,14,5,8,8,6,13,10,7,11,17,10,22,11,10,4,11,10,13,13,9,6,12,11,10
Woodhaven,Queens,neighborhood,36,16,36,42,39,43,37,39,34,28,32,30,25,23,35,21,32,27,30,23,26,35,26,37,24,22,28,23,35,27,24,30,31,16,23,30,19,23,28,29,31,26,28,35,32,33,36,29,23,28,35,24,31,44,41,21,25,32,33,33,29,31,38,29,33,34,27,45,43,37,39,42,33,27,36,36,36,29,32,36,35,38,34,40,40,37,46,28,33,36,31,60,40,51,35,26,30,38,30,31,30,41,40,30
Woodlawn,Bronx,neighborhood,1,4,3,2,3,7,3,3,3,3,3,2,4,2,1,1,1,5,1,2,4,5,1,2,1,5,3,3,3,2,3,3,3,3,1,8,2,4,5,3,2,7,4,7,2,2,4,3,2,2,2,3,4,2,4,5,8,4,3,4,5,5,6,8,4,3,5,5,5,5,5,9,6,5,4,5,6,6,6,9,5,3,6,8,4,3,8,5,3,4,4,6,6,9,9,9,3,2,3,4,7,1,7,7
Woodside,Queens,neighborhood,12,13,13,18,14,30,12,20,11,14,23,13,20,22,18,20,18,14,10,18,18,10,22,25,10,23,18,18,23,18,16,19,28,14,17,19,23,20,21,14,23,22,23,17,23,34,13,8,42,23,22,12,23,21,29,19,26,27,15,21,20,17,8,18,13,16,19,20,19,20,18,15,14,15,18,15,24,16,17,20,14,12,22,21,23,15,21,18,22,27,23,13,17,28,23,13,13,20,18,15,15,25,17,9
Woodstock,Bronx,neighborhood,3,1,5,5,3,2,3,4,2,1,3,3,1,2,2,1,0,4,3,3,1,4,4,2,4,3,5,3,2,1,24,19,25,27,1,10,11,8,11,8,7,5,7,2,3,5,5,4,2,4,5,4,5,5,5,1,5,5,6,5,4,3,8,5,2,5,6,10,4,3,4,4,3,3,3,4,4,2,2,2,5,3,3,8,7,2,7,9,4,3,8,5,5,3,6,6,6,5,6,5,5,4,4,7
